idx,nom_rue,highway,longueur_m,largeur_m,hauteur_bat_m,nb_batiments,ratio_hw,h_canyon_m,vent_eff,total_emit,concentration,delta_T,heure,pblh_m
0,Ngõ 87 Đường Tân Xuân,residential,7.431604308921684,8,12.0,0,1.5,30.0,0.74,0.03542,20.05,1.1,8,313
1,Ngõ 85 Đường Tân Xuân,residential,261.33732697076476,8,12.0,0,1.5,30.0,0.74,0.03542,20.05,1.07,8,313
2,Đường Tân Xuân,secondary,64.1155671139473,16,12.0,0,0.75,21.0,1.05,0.22986,65.06,2.67,8,313
3,Phố Viên,tertiary,46.32053804369866,12,12.0,0,1.0,24.0,0.92,0.14028,52.94,1.9,8,313
4,Đường Cầu Noi,tertiary,397.33561828021703,12,12.0,1,1.0,24.0,0.92,0.14028,52.94,1.85,8,313
5,Đường Phan Bá Vành,tertiary,353.50646222840555,12,12.0,0,1.0,24.0,0.92,0.14028,52.94,1.86,8,313
6,Cầu Noi,tertiary,114.91459032965052,12,12.0,0,1.0,24.0,0.92,0.14028,52.94,1.89,8,313
7,Đường Cổ Nhuế,secondary,728.4521787721933,16,10.8,10,0.68,18.1,1.1,0.22986,72.29,2.54,8,313
8,Đường Cầu Noi,tertiary,273.5496442669747,12,12.0,2,1.0,24.0,0.92,0.14028,52.94,1.87,8,313
9,Đường Cổ Nhuế,secondary,183.83368356311726,16,11.590909090909092,22,0.72,20.0,1.07,0.22986,67.36,2.64,8,313
10,Ngõ 392 Đường Cổ Nhuế,residential,248.78674534764374,8,10.8,5,1.35,25.4,0.78,0.03542,22.28,1.0,8,313
11,Ngõ 43 Đường Cổ Nhuế,residential,274.79955257781944,8,12.0,1,1.5,30.0,0.74,0.03542,20.05,1.07,8,313
12,Đường Cổ Nhuế,secondary,231.3087971897013,16,12.0,5,0.75,21.0,1.05,0.22986,65.06,2.64,8,313
13,Đường Phạm Văn Đồng,primary,653.1537412211962,20,12.0,0,0.6,19.2,1.15,0.30463,68.98,3.26,8,313
14,Đường Phạm Văn Đồng,primary,392.0420914866389,20,12.0,0,0.6,19.2,1.15,0.30463,68.98,3.29,8,313
15,Đường Cổ Nhuế,secondary,165.64174986402298,16,12.0,11,0.75,21.0,1.05,0.22986,65.06,2.65,8,313
16,Phố Nguyễn Đình Tứ,tertiary,379.0403801488728,12,12.0,4,1.0,24.0,0.92,0.14028,52.94,1.85,8,313
17,Đường Đức Thắng,secondary,246.6444822640605,16,12.0,1,0.75,21.0,1.05,0.22986,65.06,2.64,8,313
18,Phố Viên,tertiary,200.65259112167843,12,12.0,2,1.0,24.0,0.92,0.14028,52.94,1.88,8,313
19,Đường Đức Thắng,secondary,57.881890610648455,16,12.0,8,0.75,21.0,1.05,0.22986,65.06,2.67,8,313
20,Ruelle sans nom (segment 20),residential,210.65765379078826,8,12.0,0,1.5,30.0,0.74,0.03542,20.05,1.08,8,313
21,Đường Đức Thắng,secondary,31.633849093310815,16,12.0,7,0.75,21.0,1.05,0.22986,65.06,2.67,8,313
22,Đường Lê Văn Hiến,tertiary,243.67768999454475,12,12.0,72,1.0,24.0,0.92,0.14028,52.94,1.87,8,313
23,Phố Viên,tertiary,94.50782529336368,12,12.0,1,1.0,24.0,0.92,0.14028,52.94,1.89,8,313
24,Ruelle sans nom (segment 24),residential,116.19526947973388,8,12.0,0,1.5,30.0,0.74,0.03542,20.05,1.09,8,313
25,Phố Viên,tertiary,190.13235581070657,12,12.0,0,1.0,24.0,0.92,0.14028,52.94,1.88,8,313
26,Ruelle sans nom (segment 26),residential,3.498712557738033,8,12.0,0,1.5,30.0,0.74,0.03542,20.05,1.1,8,313
27,Ngõ 119 Đường Cổ Nhuế,residential,20.32099804289561,8,12.0,0,1.5,30.0,0.74,0.03542,20.05,1.1,8,313
28,Ngõ 119 Đường Cổ Nhuế,residential,224.71830886461947,8,12.0,0,1.5,30.0,0.74,0.03542,20.05,1.07,8,313
29,Ngách 43/ Cổ Nhuế,residential,5.211547382507359,8,12.0,0,1.5,30.0,0.74,0.03542,20.05,1.1,8,313
30,Ngõ 119 Đường Cổ Nhuế,residential,107.62174748351161,8,12.0,1,1.5,30.0,0.74,0.03542,20.05,1.09,8,313
31,Đường Phạm Văn Đồng,primary,248.88868666138313,20,12.0,0,0.6,19.2,1.15,0.30463,68.98,3.31,8,313
32,Phố Phạm Tiến Duật,residential,22.95381950443031,8,12.0,0,1.5,30.0,0.74,0.03542,20.05,1.1,8,313
33,Phố Phạm Tiến Duật,residential,29.112434831070598,8,12.0,0,1.5,30.0,0.74,0.03542,20.05,1.1,8,313
34,Ruelle sans nom (segment 34),tertiary,40.849867440166534,12,12.0,0,1.0,24.0,0.92,0.14028,52.94,1.9,8,313
35,Ruelle sans nom (segment 35),residential,112.29636313306482,8,12.0,1,1.5,30.0,0.74,0.03542,20.05,1.09,8,313
36,Ruelle sans nom (segment 36),tertiary,139.93499517812313,12,12.0,1,1.0,24.0,0.92,0.14028,52.94,1.88,8,313
37,Ruelle sans nom (segment 37),residential,30.0330582021372,8,12.0,0,1.5,30.0,0.74,0.03542,20.05,1.1,8,313
38,Ruelle sans nom (segment 38),residential,29.476128650695504,8,12.0,0,1.5,30.0,0.74,0.03542,20.05,1.1,8,313
39,Ruelle sans nom (segment 39),residential,54.279713132519916,8,12.0,2,1.5,30.0,0.74,0.03542,20.05,1.1,8,313
40,Ruelle sans nom (segment 40),residential,29.747847698075855,8,12.0,0,1.5,30.0,0.74,0.03542,20.05,1.1,8,313
41,Ruelle sans nom (segment 41),residential,19.318759289986524,8,12.0,0,1.5,30.0,0.74,0.03542,20.05,1.1,8,313
42,Ruelle sans nom (segment 42),residential,105.48519749892114,8,12.0,2,1.5,30.0,0.74,0.03542,20.05,1.09,8,313
43,Ruelle sans nom (segment 43),residential,62.196022975535044,8,12.0,2,1.5,30.0,0.74,0.03542,20.05,1.1,8,313
44,Ruelle sans nom (segment 44),residential,25.19765737971533,8,12.0,2,1.5,30.0,0.74,0.03542,20.05,1.1,8,313
45,Đường Phạm Văn Đồng,primary,26.978962810836634,20,12.0,0,0.6,19.2,1.15,0.30463,68.98,3.34,8,313
46,Phố Trần Cung,secondary,23.608574984217846,16,12.0,0,0.75,21.0,1.05,0.22986,65.06,2.67,8,313
47,Đường Đức Thắng,secondary,216.92919026772898,16,12.0,0,0.75,21.0,1.05,0.22986,65.06,2.64,8,313
48,Đường Đức Thắng,secondary,368.8029360573254,16,12.0,0,0.75,21.0,1.05,0.22986,65.06,2.62,8,313
49,Ruelle sans nom (segment 49),residential,88.2043337196852,8,12.0,0,1.5,30.0,0.74,0.03542,20.05,1.09,8,313
50,Đường Hoàng Tăng Bí,tertiary,385.40503449083576,12,12.0,0,1.0,24.0,0.92,0.14028,52.94,1.85,8,313
51,Đường Tân Xuân,secondary,111.01715326795349,16,12.0,0,0.75,21.0,1.05,0.22986,65.06,2.66,8,313
52,Đường Đức Thắng,secondary,185.77596670180512,16,12.0,1,0.75,21.0,1.05,0.22986,65.06,2.65,8,313
53,Đường Đức Thắng,secondary,175.2382225439117,16,12.0,1,0.75,21.0,1.05,0.22986,65.06,2.65,8,313
54,đường 24,residential,323.98562291246765,8,12.0,2,1.5,30.0,0.74,0.03542,20.05,1.06,8,313
55,Đường Lê Văn Hiến,tertiary,6.87312610814756,12,12.0,15,1.0,24.0,0.92,0.14028,52.94,1.9,8,313
56,Đường Lê Văn Hiến,tertiary,95.4333391989522,12,12.0,23,1.0,24.0,0.92,0.14028,52.94,1.89,8,313
57,Ngõ 59 Lê Văn Hiến,residential,294.1493051866413,8,13.038461538461538,26,1.63,34.3,0.7,0.03542,20.22,1.13,8,313
58,Ruelle sans nom (segment 58),residential,26.046494433265323,8,12.0,0,1.5,30.0,0.74,0.03542,20.05,1.1,8,313
59,Phố Tân Phong,residential,340.3403376717469,8,12.0,0,1.5,30.0,0.74,0.03542,20.05,1.06,8,313
60,Phố Tân Phong,residential,44.567108851835954,8,12.0,0,1.5,30.0,0.74,0.03542,20.05,1.1,8,313
61,Ruelle sans nom (segment 61),residential,184.50165284192826,8,12.0,3,1.5,30.0,0.74,0.03542,20.05,1.08,8,313
62,Đường Bờ tây sông Nhuệ,tertiary,382.40915738969437,12,12.0,3,1.0,24.0,0.92,0.14028,52.94,1.85,8,313
63,Đường Bờ tây sông Nhuệ,tertiary,111.15447321151886,12,12.0,4,1.0,24.0,0.92,0.14028,52.94,1.89,8,313
64,Ruelle sans nom (segment 64),residential,43.43685563912119,8,12.0,0,1.5,30.0,0.74,0.03542,20.05,1.1,8,313
65,Đường Bờ tây sông Nhuệ,tertiary,85.99224468458875,12,12.0,0,1.0,24.0,0.92,0.14028,52.94,1.89,8,313
66,Đường Bờ tây sông Nhuệ,tertiary,103.05077738691455,12,12.0,0,1.0,24.0,0.92,0.14028,52.94,1.89,8,313
67,Đường Bờ tây sông Nhuệ,tertiary,108.68425160565269,12,12.0,0,1.0,24.0,0.92,0.14028,52.94,1.89,8,313
68,Đường Phạm Văn Nghị,tertiary,363.67663871282014,12,12.0,0,1.0,24.0,0.92,0.14028,52.94,1.85,8,313
69,Ruelle sans nom (segment 69),residential,47.943635418342105,8,12.0,0,1.5,30.0,0.74,0.03542,20.05,1.1,8,313
70,Đường Bờ tây sông Nhuệ,tertiary,188.004806059167,12,12.0,0,1.0,24.0,0.92,0.14028,52.94,1.88,8,313
71,Đường Bờ tây sông Nhuệ,tertiary,314.4989193765721,12,12.0,0,1.0,24.0,0.92,0.14028,52.94,1.86,8,313
72,Phố Tân Phong,residential,28.558148464410106,8,12.0,0,1.5,30.0,0.74,0.03542,20.05,1.1,8,313
73,Phố Tân Phong,residential,74.36934057839906,8,12.0,1,1.5,30.0,0.74,0.03542,20.05,1.09,8,313
74,Ruelle sans nom (segment 74),residential,79.56502517907872,8,12.0,1,1.5,30.0,0.74,0.03542,20.05,1.09,8,313
75,Phố Tân Phong,residential,275.45025060115063,8,12.0,0,1.5,30.0,0.74,0.03542,20.05,1.07,8,313
76,Ngách 114/62 Phố Tân Phong,residential,188.10789948732824,8,12.0,0,1.5,30.0,0.74,0.03542,20.05,1.08,8,313
77,Đường Lê Văn Hiến,tertiary,35.18047995835501,12,12.0,10,1.0,24.0,0.92,0.14028,52.94,1.9,8,313
78,Ruelle sans nom (segment 78),residential,67.56275241446252,8,12.0,5,1.5,30.0,0.74,0.03542,20.05,1.1,8,313
79,Ngõ 56 Lê Văn Hiến,residential,73.20549389247209,8,12.0,8,1.5,30.0,0.74,0.03542,20.05,1.09,8,313
80,Đường Sông Nhuệ,residential,305.84909416707313,8,11.82,50,1.48,29.3,0.74,0.03542,20.36,1.05,8,313
81,Đường Phạm Văn Nghị,residential,73.59913549714523,8,12.0,5,1.5,30.0,0.74,0.03542,20.05,1.09,8,313
82,Khu B Đại Học Mỏ,residential,24.48264989248487,8,12.0,0,1.5,30.0,0.74,0.03542,20.05,1.1,8,313
83,Khu B Đại Học Mỏ,residential,171.46457116801238,8,12.0,2,1.5,30.0,0.74,0.03542,20.05,1.08,8,313
84,Đường Phạm Văn Nghị,residential,144.53564018620222,8,12.0,1,1.5,30.0,0.74,0.03542,20.05,1.08,8,313
85,Đường Tây Thăng Long,secondary,32.367414548754674,16,12.0,0,0.75,21.0,1.05,0.22986,65.06,2.67,8,313
86,Phố Chế Lan Viên,residential,35.71836520127233,8,12.0,0,1.5,30.0,0.74,0.03542,20.05,1.1,8,313
87,Phố Chế Lan Viên,residential,105.82626761234326,8,12.0,1,1.5,30.0,0.74,0.03542,20.05,1.09,8,313
88,Ruelle sans nom (segment 88),residential,45.32167575788916,8,12.0,0,1.5,30.0,0.74,0.03542,20.05,1.1,8,313
89,Ruelle sans nom (segment 89),residential,35.568667930445,8,12.0,0,1.5,30.0,0.74,0.03542,20.05,1.1,8,313
90,Ruelle sans nom (segment 90),residential,80.86814080975384,8,12.0,0,1.5,30.0,0.74,0.03542,20.05,1.09,8,313
91,Phố Phạm Tiến Duật,residential,32.027957450887385,8,12.0,0,1.5,30.0,0.74,0.03542,20.05,1.1,8,313
92,Phố Phạm Tiến Duật,residential,18.999492861110223,8,12.0,0,1.5,30.0,0.74,0.03542,20.05,1.1,8,313
93,Ruelle sans nom (segment 93),residential,142.80600261404606,8,12.0,0,1.5,30.0,0.74,0.03542,20.05,1.09,8,313
94,Ruelle sans nom (segment 94),tertiary,121.42796612137325,12,12.0,0,1.0,24.0,0.92,0.14028,52.94,1.89,8,313
95,Ruelle sans nom (segment 95),tertiary,30.662215529041735,12,12.0,2,1.0,24.0,0.92,0.14028,52.94,1.9,8,313
96,Ruelle sans nom (segment 96),residential,181.35738964046453,8,12.0,3,1.5,30.0,0.74,0.03542,20.05,1.08,8,313
97,Ruelle sans nom (segment 97),tertiary,56.83679209927065,12,12.0,2,1.0,24.0,0.92,0.14028,52.94,1.9,8,313
98,Phố Phạm Tiến Duật,residential,58.959787224294644,8,12.0,2,1.5,30.0,0.74,0.03542,20.05,1.1,8,313
99,Ruelle sans nom (segment 99),residential,107.33594823851789,8,12.0,2,1.5,30.0,0.74,0.03542,20.05,1.09,8,313
100,Ruelle sans nom (segment 100),residential,26.993916246266085,8,12.0,1,1.5,30.0,0.74,0.03542,20.05,1.1,8,313
101,Phố Phạm Tiến Duật,residential,44.25446394163041,8,12.0,1,1.5,30.0,0.74,0.03542,20.05,1.1,8,313
102,Ruelle sans nom (segment 102),residential,62.25506258256634,8,12.0,2,1.5,30.0,0.74,0.03542,20.05,1.1,8,313
103,Ruelle sans nom (segment 103),tertiary,29.587125845099074,12,12.0,1,1.0,24.0,0.92,0.14028,52.94,1.9,8,313
104,Phố Phạm Tiến Duật,residential,56.72022471412354,8,12.0,0,1.5,30.0,0.74,0.03542,20.05,1.1,8,313
105,Phố Phạm Tiến Duật,residential,49.98323193914869,8,12.0,0,1.5,30.0,0.74,0.03542,20.05,1.1,8,313
106,Ruelle sans nom (segment 106),residential,55.07941153015606,8,12.0,0,1.5,30.0,0.74,0.03542,20.05,1.1,8,313
107,Ruelle sans nom (segment 107),residential,113.84823806593242,8,12.0,0,1.5,30.0,0.74,0.03542,20.05,1.09,8,313
108,Ruelle sans nom (segment 108),residential,21.299723733224724,8,12.0,0,1.5,30.0,0.74,0.03542,20.05,1.1,8,313
109,Ruelle sans nom (segment 109),residential,104.07430909022764,8,12.0,0,1.5,30.0,0.74,0.03542,20.05,1.09,8,313
110,Phố Chế Lan Viên,residential,54.92750350430069,8,12.0,0,1.5,30.0,0.74,0.03542,20.05,1.1,8,313
111,Phố Chế Lan Viên,residential,153.31155513271506,8,12.0,1,1.5,30.0,0.74,0.03542,20.05,1.08,8,313
112,Phố Chế Lan Viên,residential,42.70364236917911,8,12.0,0,1.5,30.0,0.74,0.03542,20.05,1.1,8,313
113,Phố Chế Lan Viên,residential,145.93941956134242,8,12.0,2,1.5,30.0,0.74,0.03542,20.05,1.08,8,313
114,Ruelle sans nom (segment 114),residential,58.53835632987835,8,12.0,0,1.5,30.0,0.74,0.03542,20.05,1.1,8,313
115,Ruelle sans nom (segment 115),residential,60.42993250615117,8,12.0,0,1.5,30.0,0.74,0.03542,20.05,1.1,8,313
116,Phố Chế Lan Viên,residential,27.48057825341522,8,12.0,0,1.5,30.0,0.74,0.03542,20.05,1.1,8,313
117,Ngách 142/43 Đường Cổ Nhuế,residential,19.063067804193643,8,12.0,0,1.5,30.0,0.74,0.03542,20.05,1.1,8,313
118,Ruelle sans nom (segment 118),residential,26.994169258614694,8,12.0,0,1.5,30.0,0.74,0.03542,20.05,1.1,8,313
119,Phố Chế Lan Viên,residential,52.92477556679909,8,12.0,0,1.5,30.0,0.74,0.03542,20.05,1.1,8,313
120,Phố Chế Lan Viên,residential,89.38296356321422,8,12.0,0,1.5,30.0,0.74,0.03542,20.05,1.09,8,313
121,Ruelle sans nom (segment 121),residential,29.41700987934167,8,12.0,0,1.5,30.0,0.74,0.03542,20.05,1.1,8,313
122,Ruelle sans nom (segment 122),residential,79.52609598606723,8,12.0,0,1.5,30.0,0.74,0.03542,20.05,1.09,8,313
123,Ruelle sans nom (segment 123),tertiary,58.56822422027343,12,12.0,1,1.0,24.0,0.92,0.14028,52.94,1.89,8,313
124,Ruelle sans nom (segment 124),residential,51.03371558212011,8,12.0,2,1.5,30.0,0.74,0.03542,20.05,1.1,8,313
125,Phố Phạm Tiến Duật,residential,14.187060736480149,8,12.0,0,1.5,30.0,0.74,0.03542,20.05,1.1,8,313
126,Phố Phạm Tiến Duật,residential,109.89812582570484,8,12.0,0,1.5,30.0,0.74,0.03542,20.05,1.09,8,313
127,Ruelle sans nom (segment 127),tertiary,52.96540944859521,12,12.0,1,1.0,24.0,0.92,0.14028,52.94,1.9,8,313
128,Ruelle sans nom (segment 128),residential,57.353592800535026,8,12.0,2,1.5,30.0,0.74,0.03542,20.05,1.1,8,313
129,Phố Phạm Tiến Duật,residential,83.12626973678759,8,12.0,0,1.5,30.0,0.74,0.03542,20.05,1.09,8,313
130,Ruelle sans nom (segment 130),residential,57.45484590127447,8,12.0,0,1.5,30.0,0.74,0.03542,20.05,1.1,8,313
131,Ruelle sans nom (segment 131),residential,74.00446592580646,8,12.0,0,1.5,30.0,0.74,0.03542,20.05,1.09,8,313
132,Phố Chế Lan Viên,residential,40.12074361496024,8,6.0,1,0.75,10.5,1.05,0.03542,40.1,0.72,8,313
133,Phố Chế Lan Viên,residential,42.124368625848994,8,6.0,1,0.75,10.5,1.05,0.03542,40.1,0.72,8,313
134,Ruelle sans nom (segment 134),residential,67.95257289707088,8,6.0,1,0.75,10.5,1.05,0.03542,40.1,0.72,8,313
135,Khu B Đại Học Mỏ,residential,62.88806221535221,8,12.0,0,1.5,30.0,0.74,0.03542,20.05,1.1,8,313
136,Ruelle sans nom (segment 136),residential,55.93500041593819,8,12.0,1,1.5,30.0,0.74,0.03542,20.05,1.1,8,313
137,Ruelle sans nom (segment 137),residential,55.67252162656977,8,12.0,0,1.5,30.0,0.74,0.03542,20.05,1.1,8,313
138,Phố Viên,tertiary,176.50898412581512,12,12.0,0,1.0,24.0,0.92,0.14028,52.94,1.88,8,313
139,Phố Viên,tertiary,80.51862373273842,12,12.0,0,1.0,24.0,0.92,0.14028,52.94,1.89,8,313
140,Đường Phạm Văn Đồng,primary,355.4235369774434,20,12.0,0,0.6,19.2,1.15,0.30463,68.98,3.3,8,313
141,Đường Phạm Văn Đồng,primary,258.5520351774697,20,12.0,0,0.6,19.2,1.15,0.30463,68.98,3.31,8,313
142,Ngõ 104 Đường Cổ Nhuế,residential,349.3611056564863,8,12.0,1,1.5,30.0,0.74,0.03542,20.05,1.06,8,313
143,Đường Cổ Nhuế,secondary,79.2609582681947,16,12.0,0,0.75,21.0,1.05,0.22986,65.06,2.66,8,313
144,Phố Nguyễn Đình Tứ,tertiary,133.54079882536726,12,12.0,0,1.0,24.0,0.92,0.14028,52.94,1.88,8,313
145,Phố Nguyễn Đình Tứ,tertiary,333.1681486067531,12,12.0,0,1.0,24.0,0.92,0.14028,52.94,1.86,8,313
146,Ruelle sans nom (segment 146),residential,370.3924398454765,8,12.0,0,1.5,30.0,0.74,0.03542,20.05,1.05,8,313
147,Phố Nguyễn Đình Tứ,tertiary,77.85444382770089,12,12.0,0,1.0,24.0,0.92,0.14028,52.94,1.89,8,313
148,Ruelle sans nom (segment 148),tertiary,63.43967958333617,12,12.0,0,1.0,24.0,0.92,0.14028,52.94,1.89,8,313
149,Đường Phạm Văn Đồng,primary,159.67927185166496,20,12.0,1,0.6,19.2,1.15,0.30463,68.98,3.33,8,313
150,Tăng Thiết Giáp,residential,228.17918164400555,8,12.0,2,1.5,30.0,0.74,0.03542,20.05,1.07,8,313
151,Ruelle sans nom (segment 151),residential,62.11868818478042,8,12.0,2,1.5,30.0,0.74,0.03542,20.05,1.1,8,313
152,Tăng Thiết Giáp,residential,186.03072820082085,8,12.0,3,1.5,30.0,0.74,0.03542,20.05,1.08,8,313
153,Ngõ 43 Đường Cổ Nhuế,residential,241.39325637612822,8,33.0,3,4.12,169.1,0.36,0.03542,39.4,2.38,8,313
154,Đường Sông Nhuệ,residential,189.64137955655738,8,12.0,5,1.5,30.0,0.74,0.03542,20.05,1.08,8,313
155,Ruelle sans nom (segment 155),tertiary,69.3752321509986,12,12.0,1,1.0,24.0,0.92,0.14028,52.94,1.89,8,313
156,Ruelle sans nom (segment 156),residential,75.31298526700996,8,12.0,2,1.5,30.0,0.74,0.03542,20.05,1.09,8,313
157,Ruelle sans nom (segment 157),tertiary,93.61967153366069,12,12.0,1,1.0,24.0,0.92,0.14028,52.94,1.89,8,313
158,Ngõ 56 Lê Văn Hiến,residential,108.7298365467372,8,12.0,5,1.5,30.0,0.74,0.03542,20.05,1.09,8,313
159,Ngõ 1 Văn Hội,residential,217.35984768953088,8,11.571428571428571,21,1.45,28.3,0.75,0.03542,20.79,1.05,8,313
160,Ngõ 1 Văn Hội,residential,36.247625210143994,8,12.0,1,1.5,30.0,0.74,0.03542,20.05,1.1,8,313
161,đường 15,residential,32.800971650250645,8,12.0,1,1.5,30.0,0.74,0.03542,20.05,1.1,8,313
162,đường 15,residential,209.57151603615114,8,12.0,1,1.5,30.0,0.74,0.03542,20.05,1.08,8,313
163,Phố Văn Hội,residential,28.87532697181348,8,12.0,1,1.5,30.0,0.74,0.03542,20.05,1.1,8,313
164,Ngõ 1 Văn Hội,residential,45.224554341897196,8,12.0,0,1.5,30.0,0.74,0.03542,20.05,1.1,8,313
165,Ngõ 1 Văn Hội,residential,110.0045491211467,8,12.0,2,1.5,30.0,0.74,0.03542,20.05,1.09,8,313
166,Phố Văn Hội,residential,92.95273120200764,8,12.0,1,1.5,30.0,0.74,0.03542,20.05,1.09,8,313
167,Phố Văn Hội,residential,69.3774550066959,8,12.0,1,1.5,30.0,0.74,0.03542,20.05,1.09,8,313
168,Ngách 142/43 Đường Cổ Nhuế,residential,35.03553827232695,8,12.0,0,1.5,30.0,0.74,0.03542,20.05,1.1,8,313
169,Ruelle sans nom (segment 169),residential,22.927824391455946,8,9.5,6,1.19,20.8,0.84,0.03542,25.33,0.94,8,313
170,Đường Cổ Nhuế,secondary,57.30523727807685,16,11.25,8,0.7,19.2,1.08,0.22986,69.4,2.64,8,313
171,Ngõ 523 Đường Cổ Nhuế,residential,52.01256304729594,8,28.5,2,3.56,130.0,0.4,0.03542,35.07,2.13,8,313
172,Ruelle sans nom (segment 172),residential,42.494483919171536,8,12.0,0,1.5,30.0,0.74,0.03542,20.05,1.1,8,313
173,Ruelle sans nom (segment 173),residential,144.20293159368617,8,12.0,0,1.5,30.0,0.74,0.03542,20.05,1.08,8,313
174,Ruelle sans nom (segment 174),residential,61.746239841463606,8,12.0,0,1.5,30.0,0.74,0.03542,20.05,1.1,8,313
175,Ruelle sans nom (segment 175),residential,19.73335708551546,8,12.0,0,1.5,30.0,0.74,0.03542,20.05,1.1,8,313
176,Ruelle sans nom (segment 176),residential,94.97772270347852,8,9.0,7,1.12,19.1,0.87,0.03542,26.73,0.9,8,313
177,Phố Viên,tertiary,210.20982829154252,12,12.333333333333334,9,1.03,25.0,0.91,0.14028,51.51,1.89,8,313
178,Phố Viên,tertiary,68.69946031254011,12,12.0,2,1.0,24.0,0.92,0.14028,52.94,1.89,8,313
179,Phố Nguyễn Đình Tứ,tertiary,63.38660034629479,12,12.0,0,1.0,24.0,0.92,0.14028,52.94,1.89,8,313
180,Phố Nguyễn Đình Tứ,tertiary,103.23512150198273,12,12.0,0,1.0,24.0,0.92,0.14028,52.94,1.89,8,313
181,Ngõ 467 Đường Phạm Văn Đồng,residential,228.66574096547566,8,12.0,3,1.5,30.0,0.74,0.03542,20.05,1.07,8,313
182,Đường Phạm Văn Đồng,primary,132.27525231083987,20,12.0,0,0.6,19.2,1.15,0.30463,68.98,3.33,8,313
183,Ngõ 562 Phố Trần Cung,residential,45.988437608202,8,12.0,0,1.5,30.0,0.74,0.03542,20.05,1.1,8,313
184,Phố Trần Cung,secondary,167.88722640306173,16,12.0,0,0.75,21.0,1.05,0.22986,65.06,2.65,8,313
185,Đường Trại Gà,tertiary,987.1938901617659,12,12.0,2,1.0,24.0,0.92,0.14028,52.94,1.77,8,313
186,Cầu Trại Gà,tertiary,23.919896362883044,12,12.0,0,1.0,24.0,0.92,0.14028,52.94,1.9,8,313
187,Phú Minh,residential,269.06830780855216,8,12.0,0,1.5,30.0,0.74,0.03542,20.05,1.07,8,313
188,Tây Thăng Long,secondary,305.0258140860348,16,12.0,0,0.75,21.0,1.05,0.22986,65.06,2.63,8,313
189,Ruelle sans nom (segment 189),secondary_link,12.651460984788834,10,12.0,0,1.2,26.4,0.84,0.02361,10.69,0.83,8,313
190,Ruelle sans nom (segment 190),residential,647.7185984323607,8,12.0,0,1.5,30.0,0.74,0.03542,20.05,1.02,8,313
191,Ruelle sans nom (segment 191),residential,74.52280489158456,8,12.0,0,1.5,30.0,0.74,0.03542,20.05,1.09,8,313
192,Ruelle sans nom (segment 192),residential,114.98241213118065,8,12.0,0,1.5,30.0,0.74,0.03542,20.05,1.09,8,313
193,Ruelle sans nom (segment 193),residential,68.11553920118973,8,12.0,0,1.5,30.0,0.74,0.03542,20.05,1.1,8,313
194,Phố Văn Hội,residential,121.16660563366247,8,12.0,1,1.5,30.0,0.74,0.03542,20.05,1.09,8,313
195,Phố Văn Hội,residential,80.3150336158674,8,12.0,0,1.5,30.0,0.74,0.03542,20.05,1.09,8,313
196,Ruelle sans nom (segment 196),residential,166.14529181458448,8,12.0,1,1.5,30.0,0.74,0.03542,20.05,1.08,8,313
197,Phố Văn Hội,residential,140.45615522556497,8,12.0,0,1.5,30.0,0.74,0.03542,20.05,1.09,8,313
198,Ruelle sans nom (segment 198),residential,123.88555425264849,8,12.0,0,1.5,30.0,0.74,0.03542,20.05,1.09,8,313
199,Ruelle sans nom (segment 199),tertiary,72.73930328616363,12,12.0,2,1.0,24.0,0.92,0.14028,52.94,1.89,8,313
200,Ruelle sans nom (segment 200),residential,22.81087708005996,8,12.0,3,1.5,30.0,0.74,0.03542,20.05,1.1,8,313
201,Phố Tân Phong,residential,75.10162851338434,8,12.0,0,1.5,30.0,0.74,0.03542,20.05,1.09,8,313
202,Ruelle sans nom (segment 202),residential,40.85326349532268,8,12.0,0,1.5,30.0,0.74,0.03542,20.05,1.1,8,313
203,Ruelle sans nom (segment 203),residential,151.4664753988137,8,12.0,0,1.5,30.0,0.74,0.03542,20.05,1.08,8,313
204,Khu B Đại Học Mỏ,residential,18.24614197926742,8,12.0,1,1.5,30.0,0.74,0.03542,20.05,1.1,8,313
205,Khu B Đại Học Mỏ,residential,165.36348649249996,8,12.0,0,1.5,30.0,0.74,0.03542,20.05,1.08,8,313
206,Ruelle sans nom (segment 206),residential,21.800943343881965,8,12.0,0,1.5,30.0,0.74,0.03542,20.05,1.1,8,313
207,Ngõ 85 Đường Tân Xuân,residential,112.27969943092529,8,12.0,0,1.5,30.0,0.74,0.03542,20.05,1.09,8,313
208,Đường Phạm Văn Đồng,primary,17.20791184106962,20,12.0,0,0.6,19.2,1.15,0.30463,68.98,3.34,8,313
209,Đường Cổ Nhuế,secondary,90.68853360831625,16,12.0,0,0.75,21.0,1.05,0.22986,65.06,2.66,8,313
210,Đường Phạm Văn Đồng,primary,12.080223872354928,20,12.0,0,0.6,19.2,1.15,0.30463,68.98,3.34,8,313
211,Phố Chế Lan Viên,residential,104.11410919555819,8,12.0,1,1.5,30.0,0.74,0.03542,20.05,1.09,8,313
212,Đường Tân Xuân,secondary,3.952344586793749,16,12.0,0,0.75,21.0,1.05,0.22986,65.06,2.67,8,313
213,Ruelle sans nom (segment 213),residential,46.05767555606948,8,12.0,0,1.5,30.0,0.74,0.03542,20.05,1.1,8,313
214,Ruelle sans nom (segment 214),residential,57.65473881452825,8,12.0,0,1.5,30.0,0.74,0.03542,20.05,1.1,8,313
215,Ruelle sans nom (segment 215),residential,198.61013339848637,8,12.0,0,1.5,30.0,0.74,0.03542,20.05,1.08,8,313
216,Ruelle sans nom (segment 216),residential,31.916091936801138,8,12.0,0,1.5,30.0,0.74,0.03542,20.05,1.1,8,313
217,Ngách 562/17 Phố Trần Cung,residential,197.8455566773526,8,12.0,0,1.5,30.0,0.74,0.03542,20.05,1.08,8,313
218,Ruelle sans nom (segment 218),residential,24.212333265119593,8,12.0,0,1.5,30.0,0.74,0.03542,20.05,1.1,8,313
219,Ruelle sans nom (segment 219),secondary_link,16.245932610872124,10,12.0,0,1.2,26.4,0.84,0.02361,10.69,0.83,8,313
220,Phạm Văn Nghị,residential,508.0340953323431,8,12.0,0,1.5,30.0,0.74,0.03542,20.05,1.04,8,313
221,Ruelle sans nom (segment 221),residential,70.33048410584124,8,43.5,2,5.44,280.0,0.29,0.03542,49.48,3.06,8,313
222,Ngõ 153 Phố Tân Phong,residential,93.77334234000425,8,12.0,0,1.5,30.0,0.74,0.03542,20.05,1.09,8,313
223,Ruelle sans nom (segment 223),residential,49.84416756083914,8,12.0,0,1.5,30.0,0.74,0.03542,20.05,1.1,8,313
224,Ruelle sans nom (segment 224),residential,50.127404069789975,8,12.0,0,1.5,30.0,0.74,0.03542,20.05,1.1,8,313
225,Phố Tân Phong,residential,37.64985047493582,8,12.0,0,1.5,30.0,0.74,0.03542,20.05,1.1,8,313
226,Phố Tân Phong,residential,186.9278574677851,8,12.0,0,1.5,30.0,0.74,0.03542,20.05,1.08,8,313
227,Ruelle sans nom (segment 227),residential,208.17595188491276,8,12.0,0,1.5,30.0,0.74,0.03542,20.05,1.08,8,313
228,Ngõ 186 Tân Phong,residential,54.93965361018175,8,12.0,0,1.5,30.0,0.74,0.03542,20.05,1.1,8,313
229,Phố Tân Phong,residential,47.75830975707268,8,12.0,0,1.5,30.0,0.74,0.03542,20.05,1.1,8,313
230,Ngõ 186 Tân Phong,residential,16.822023197237545,8,12.0,0,1.5,30.0,0.74,0.03542,20.05,1.1,8,313
231,Ngõ 149 Phố Tân Phong,residential,80.00885806570004,8,12.0,0,1.5,30.0,0.74,0.03542,20.05,1.09,8,313
232,Ruelle sans nom (segment 232),residential,69.9575313405141,8,12.0,1,1.5,30.0,0.74,0.03542,20.05,1.09,8,313
233,Ruelle sans nom (segment 233),residential,254.52691832124475,8,12.0,3,1.5,30.0,0.74,0.03542,20.05,1.07,8,313
234,Đường Cầu Noi,tertiary,131.86639550550237,12,12.0,5,1.0,24.0,0.92,0.14028,52.94,1.89,8,313
235,Phố Tân Phong,residential,157.92840152068266,8,12.0,0,1.5,30.0,0.74,0.03542,20.05,1.08,8,313
236,Ruelle sans nom (segment 236),residential,218.3206542853425,8,12.0,0,1.5,30.0,0.74,0.03542,20.05,1.08,8,313
237,Phố Tân Phong,residential,7.1736360405182475,8,12.0,0,1.5,30.0,0.74,0.03542,20.05,1.1,8,313
238,Phố Tân Phong,residential,42.35668822068269,8,12.0,0,1.5,30.0,0.74,0.03542,20.05,1.1,8,313
239,Ngõ 123 Phố Tân Phong,residential,50.075759920109384,8,12.0,0,1.5,30.0,0.74,0.03542,20.05,1.1,8,313
240,Ruelle sans nom (segment 240),residential,44.424101636938104,8,12.0,0,1.5,30.0,0.74,0.03542,20.05,1.1,8,313
241,Ngõ 123 Phố Tân Phong,residential,10.035142608770458,8,12.0,0,1.5,30.0,0.74,0.03542,20.05,1.1,8,313
242,Ruelle sans nom (segment 242),residential,6.0601622498055185,8,12.0,0,1.5,30.0,0.74,0.03542,20.05,1.1,8,313
243,Ngách 150/53 Phố Tân Phong,residential,103.52112906659238,8,12.0,1,1.5,30.0,0.74,0.03542,20.05,1.09,8,313
244,Ruelle sans nom (segment 244),residential,21.980178663580134,8,12.0,0,1.5,30.0,0.74,0.03542,20.05,1.1,8,313
245,Ruelle sans nom (segment 245),residential,68.17955504622925,8,12.0,0,1.5,30.0,0.74,0.03542,20.05,1.1,8,313
246,Ruelle sans nom (segment 246),residential,68.07487898494811,8,12.0,0,1.5,30.0,0.74,0.03542,20.05,1.1,8,313
247,Ngõ 126 Phố Tân Phong,residential,44.231420654157844,8,12.0,0,1.5,30.0,0.74,0.03542,20.05,1.1,8,313
248,Phố Tân Phong,residential,57.027876565056914,8,12.0,0,1.5,30.0,0.74,0.03542,20.05,1.1,8,313
249,Phố Tân Phong,residential,49.973996333882845,8,12.0,0,1.5,30.0,0.74,0.03542,20.05,1.1,8,313
250,Ruelle sans nom (segment 250),residential,71.26854378382886,8,12.0,0,1.5,30.0,0.74,0.03542,20.05,1.09,8,313
251,Ngõ 114 Phố Tân Phong,residential,27.348549659364377,8,12.0,0,1.5,30.0,0.74,0.03542,20.05,1.1,8,313
252,Ngõ 114 Phố Tân Phong,residential,56.9900893958294,8,12.0,0,1.5,30.0,0.74,0.03542,20.05,1.1,8,313
253,Ruelle sans nom (segment 253),residential,252.84517296099602,8,12.0,0,1.5,30.0,0.74,0.03542,20.05,1.07,8,313
254,Ngõ 114 Phố Tân Phong,residential,123.18292732108043,8,12.0,0,1.5,30.0,0.74,0.03542,20.05,1.09,8,313
255,Ruelle sans nom (segment 255),residential,189.76066167090266,8,12.0,1,1.5,30.0,0.74,0.03542,20.05,1.08,8,313
256,Ruelle sans nom (segment 256),residential,17.921787451318938,8,12.0,0,1.5,30.0,0.74,0.03542,20.05,1.1,8,313
257,Ruelle sans nom (segment 257),residential,83.61690007490814,8,12.0,0,1.5,30.0,0.74,0.03542,20.05,1.09,8,313
258,Ruelle sans nom (segment 258),residential,130.22590513331852,8,12.0,0,1.5,30.0,0.74,0.03542,20.05,1.09,8,313
259,Phố Tân Phong,residential,54.853716424622675,8,12.0,0,1.5,30.0,0.74,0.03542,20.05,1.1,8,313
260,Ruelle sans nom (segment 260),residential,65.97998484472137,8,12.0,0,1.5,30.0,0.74,0.03542,20.05,1.1,8,313
261,Ruelle sans nom (segment 261),residential,92.72051461591222,8,12.0,0,1.5,30.0,0.74,0.03542,20.05,1.09,8,313
262,Ruelle sans nom (segment 262),residential,104.18770283103134,8,12.0,0,1.5,30.0,0.74,0.03542,20.05,1.09,8,313
263,Đường Sông Nhuệ,residential,263.71127872746274,8,12.0,0,1.5,30.0,0.74,0.03542,20.05,1.07,8,313
264,Ngõ 1 Văn Hội,residential,32.71388199470064,8,12.0,0,1.5,30.0,0.74,0.03542,20.05,1.1,8,313
265,Ruelle sans nom (segment 265),residential,57.627382478443636,8,12.0,0,1.5,30.0,0.74,0.03542,20.05,1.1,8,313
266,đường 21,residential,85.10617244534693,8,12.0,2,1.5,30.0,0.74,0.03542,20.05,1.09,8,313
267,Phố Văn Hội,residential,52.6332071095951,8,12.0,0,1.5,30.0,0.74,0.03542,20.05,1.1,8,313
268,Ngõ 46 Văn Hội,residential,33.56200028651561,8,12.0,0,1.5,30.0,0.74,0.03542,20.05,1.1,8,313
269,Ngõ 46 Văn Hội,residential,5.449878523249547,8,12.0,0,1.5,30.0,0.74,0.03542,20.05,1.1,8,313
270,Ngõ 46 Văn Hội,residential,83.11645130192171,8,12.0,0,1.5,30.0,0.74,0.03542,20.05,1.09,8,313
271,Ngõ 46 Văn Hội,residential,35.11224153174281,8,12.0,0,1.5,30.0,0.74,0.03542,20.05,1.1,8,313
272,Ruelle sans nom (segment 272),residential,40.79150367687673,8,12.0,0,1.5,30.0,0.74,0.03542,20.05,1.1,8,313
273,Ruelle sans nom (segment 273),residential,137.61515282594632,8,12.0,0,1.5,30.0,0.74,0.03542,20.05,1.09,8,313
274,Ngõ 46 Văn Hội,residential,128.76418126672388,8,12.0,0,1.5,30.0,0.74,0.03542,20.05,1.09,8,313
275,Ngõ 31 Văn Hội,residential,122.0205847678202,8,12.0,0,1.5,30.0,0.74,0.03542,20.05,1.09,8,313
276,Ruelle sans nom (segment 276),residential,74.28524644485145,8,12.0,0,1.5,30.0,0.74,0.03542,20.05,1.09,8,313
277,Ruelle sans nom (segment 277),residential,197.32540712474292,8,12.0,1,1.5,30.0,0.74,0.03542,20.05,1.08,8,313
278,Ruelle sans nom (segment 278),residential,37.373160686044194,8,12.0,0,1.5,30.0,0.74,0.03542,20.05,1.1,8,313
279,Phố Văn Hội,residential,41.50199615481324,8,12.0,0,1.5,30.0,0.74,0.03542,20.05,1.1,8,313
280,Ngách 27 Ngõ 176,residential,88.79254010572218,8,12.0,0,1.5,30.0,0.74,0.03542,20.05,1.09,8,313
281,Ruelle sans nom (segment 281),residential,49.92343197805787,8,12.0,2,1.5,30.0,0.74,0.03542,20.05,1.1,8,313
282,Ngõ 113 Phố Văn Hội,residential,34.850441941098055,8,12.0,0,1.5,30.0,0.74,0.03542,20.05,1.1,8,313
283,Phố Văn Hội,residential,133.32709294612943,8,12.0,0,1.5,30.0,0.74,0.03542,20.05,1.09,8,313
284,Ngõ 429 Đường Hoàng Tăng Bí,residential,57.89845640781529,8,12.0,2,1.5,30.0,0.74,0.03542,20.05,1.1,8,313
285,Phố Văn Hội,residential,27.35587486411028,8,12.0,0,1.5,30.0,0.74,0.03542,20.05,1.1,8,313
286,Ruelle sans nom (segment 286),residential,22.355852999456907,8,12.0,0,1.5,30.0,0.74,0.03542,20.05,1.1,8,313
287,Ruelle sans nom (segment 287),residential,111.08317617009246,8,12.0,0,1.5,30.0,0.74,0.03542,20.05,1.09,8,313
288,Đường Bờ tây sông Nhuệ,tertiary,843.2058164078494,12,12.0,1,1.0,24.0,0.92,0.14028,52.94,1.79,8,313
289,Ruelle sans nom (segment 289),residential,62.97533091465003,8,12.0,0,1.5,30.0,0.74,0.03542,20.05,1.1,8,313
290,Ruelle sans nom (segment 290),residential,188.2022762988737,8,12.0,0,1.5,30.0,0.74,0.03542,20.05,1.08,8,313
291,Phố Tân Phong,residential,125.55300033770358,8,12.0,0,1.5,30.0,0.74,0.03542,20.05,1.09,8,313
292,Ruelle sans nom (segment 292),unclassified,12.740395930648814,8,12.0,1,1.5,30.0,0.74,0.03542,20.05,1.1,8,313
293,Ngõ 20 Phố Lê Văn Hiến,residential,62.23397281403794,8,12.0,0,1.5,30.0,0.74,0.03542,20.05,1.1,8,313
294,Đường Lê Văn Hiến,tertiary,59.7975552848513,12,12.0,35,1.0,24.0,0.92,0.14028,52.94,1.89,8,313
295,Ngõ 20 Phố Lê Văn Hiến,residential,58.551015469144886,8,12.0,18,1.5,30.0,0.74,0.03542,20.05,1.1,8,313
296,Ruelle sans nom (segment 296),residential,114.05237296735186,8,12.0,18,1.5,30.0,0.74,0.03542,20.05,1.09,8,313
297,đường 15,residential,92.66349695321269,8,12.0,1,1.5,30.0,0.74,0.03542,20.05,1.09,8,313
298,đường 15,residential,28.3976807780616,8,12.0,1,1.5,30.0,0.74,0.03542,20.05,1.1,8,313
299,đường 16,residential,69.82015319539602,8,12.0,2,1.5,30.0,0.74,0.03542,20.05,1.09,8,313
300,đường 17,residential,27.82637535024227,8,12.0,0,1.5,30.0,0.74,0.03542,20.05,1.1,8,313
301,đường 18,residential,20.72061497068678,8,12.0,1,1.5,30.0,0.74,0.03542,20.05,1.1,8,313
302,đường 18,residential,35.82268914585283,8,12.0,0,1.5,30.0,0.74,0.03542,20.05,1.1,8,313
303,Ngõ 1 Văn Hội,residential,11.963431432065047,8,12.0,0,1.5,30.0,0.74,0.03542,20.05,1.1,8,313
304,Ruelle sans nom (segment 304),residential,80.74386908301005,8,12.0,0,1.5,30.0,0.74,0.03542,20.05,1.09,8,313
305,Ruelle sans nom (segment 305),residential,48.42042844108194,8,12.0,0,1.5,30.0,0.74,0.03542,20.05,1.1,8,313
306,Ruelle sans nom (segment 306),residential,58.358250383251416,8,12.0,0,1.5,30.0,0.74,0.03542,20.05,1.1,8,313
307,Ruelle sans nom (segment 307),residential,72.4787269048443,8,12.0,0,1.5,30.0,0.74,0.03542,20.05,1.09,8,313
308,Đường Tân Xuân,secondary,90.15776793437183,16,12.0,0,0.75,21.0,1.05,0.22986,65.06,2.66,8,313
309,Phố Viên,residential,395.69806173151744,8,12.0,0,1.5,30.0,0.74,0.03542,20.05,1.05,8,313
310,Khu B Đại Học Mỏ,residential,200.76890624434634,8,12.0,5,1.5,30.0,0.74,0.03542,20.05,1.08,8,313
311,Ruelle sans nom (segment 311),residential,144.37988962054894,8,12.0,1,1.5,30.0,0.74,0.03542,20.05,1.08,8,313
312,Ruelle sans nom (segment 312),residential,50.82509649510591,8,12.0,1,1.5,30.0,0.74,0.03542,20.05,1.1,8,313
313,Khu B Đại Học Mỏ,residential,401.8048919586455,8,12.0,5,1.5,30.0,0.74,0.03542,20.05,1.05,8,313
314,Ruelle sans nom (segment 314),residential,50.18918212589661,8,12.0,0,1.5,30.0,0.74,0.03542,20.05,1.1,8,313
315,Ruelle sans nom (segment 315),residential,47.66677270192773,8,12.0,0,1.5,30.0,0.74,0.03542,20.05,1.1,8,313
316,Phố Viên,tertiary,30.323682300569807,12,12.0,0,1.0,24.0,0.92,0.14028,52.94,1.9,8,313
317,Phố Viên,tertiary,74.19369824276245,12,12.0,0,1.0,24.0,0.92,0.14028,52.94,1.89,8,313
318,Ruelle sans nom (segment 318),residential,59.402849743602864,8,12.0,0,1.5,30.0,0.74,0.03542,20.05,1.1,8,313
319,Ruelle sans nom (segment 319),residential,73.54602185297576,8,12.0,0,1.5,30.0,0.74,0.03542,20.05,1.09,8,313
320,Phố Viên,tertiary,252.7246054411203,12,12.0,0,1.0,24.0,0.92,0.14028,52.94,1.87,8,313
321,Ruelle sans nom (segment 321),residential,50.765417269028454,8,12.0,0,1.5,30.0,0.74,0.03542,20.05,1.1,8,313
322,Ruelle sans nom (segment 322),residential,50.08938679168548,8,12.0,0,1.5,30.0,0.74,0.03542,20.05,1.1,8,313
323,Ruelle sans nom (segment 323),residential,61.10223745020211,8,12.0,0,1.5,30.0,0.74,0.03542,20.05,1.1,8,313
324,Ruelle sans nom (segment 324),residential,52.16942443797565,8,12.0,0,1.5,30.0,0.74,0.03542,20.05,1.1,8,313
325,Ruelle sans nom (segment 325),residential,182.7288280160568,8,12.0,0,1.5,30.0,0.74,0.03542,20.05,1.08,8,313
326,Ruelle sans nom (segment 326),residential,47.549514320780574,8,12.0,0,1.5,30.0,0.74,0.03542,20.05,1.1,8,313
327,Ruelle sans nom (segment 327),residential,91.34900753735009,8,12.0,0,1.5,30.0,0.74,0.03542,20.05,1.09,8,313
328,Ruelle sans nom (segment 328),residential,165.42537623926233,8,12.0,0,1.5,30.0,0.74,0.03542,20.05,1.08,8,313
329,Ngõ 523 Đường Cổ Nhuế,residential,1.7179711547282948,8,45.0,1,5.62,298.1,0.28,0.03542,50.93,3.17,8,313
330,Đường Phạm Văn Nghị,residential,50.066378573586704,8,12.0,2,1.5,30.0,0.74,0.03542,20.05,1.1,8,313
331,Ruelle sans nom (segment 331),residential,11.362488073701932,8,12.0,2,1.5,30.0,0.74,0.03542,20.05,1.1,8,313
332,Ruelle sans nom (segment 332),residential,68.90072591420419,8,12.0,0,1.5,30.0,0.74,0.03542,20.05,1.09,8,313
333,ngõ 288 đường Phú Diễn,residential,44.41265757276359,8,12.0,0,1.5,30.0,0.74,0.03542,20.05,1.1,8,313
334,ngõ 288 đường Phú Diễn,residential,197.0375065719168,8,12.0,0,1.5,30.0,0.74,0.03542,20.05,1.08,8,313
335,Ruelle sans nom (segment 335),residential,82.49159811698661,8,12.0,0,1.5,30.0,0.74,0.03542,20.05,1.09,8,313
336,ngõ 288 đường Phú Diễn,residential,77.45113805008491,8,12.0,0,1.5,30.0,0.74,0.03542,20.05,1.09,8,313
337,Đường Phú Diễn,tertiary,133.08233905115625,12,12.0,0,1.0,24.0,0.92,0.14028,52.94,1.89,8,313
338,Ruelle sans nom (segment 338),residential,64.0003049060517,8,12.0,0,1.5,30.0,0.74,0.03542,20.05,1.1,8,313
339,Ruelle sans nom (segment 339),residential,64.6846715781549,8,12.0,0,1.5,30.0,0.74,0.03542,20.05,1.1,8,313
340,Ngõ 309 Đường Phú Diễn,residential,50.313494072636985,8,12.0,0,1.5,30.0,0.74,0.03542,20.05,1.1,8,313
341,Đường Phú Diễn,tertiary,30.0907238350062,12,12.0,0,1.0,24.0,0.92,0.14028,52.94,1.9,8,313
342,Ruelle sans nom (segment 342),residential,23.402481886236924,8,12.0,0,1.5,30.0,0.74,0.03542,20.05,1.1,8,313
343,Ruelle sans nom (segment 343),residential,5.50929071498382,8,12.0,0,1.5,30.0,0.74,0.03542,20.05,1.1,8,313
344,Ruelle sans nom (segment 344),residential,61.96457657353702,8,12.0,0,1.5,30.0,0.74,0.03542,20.05,1.1,8,313
345,Ruelle sans nom (segment 345),residential,62.72707016906302,8,12.0,0,1.5,30.0,0.74,0.03542,20.05,1.1,8,313
346,Ruelle sans nom (segment 346),residential,73.79073944777215,8,12.0,0,1.5,30.0,0.74,0.03542,20.05,1.09,8,313
347,Ruelle sans nom (segment 347),residential,223.00325316669378,8,12.0,0,1.5,30.0,0.74,0.03542,20.05,1.07,8,313
348,Ruelle sans nom (segment 348),residential,133.23877208087745,8,12.0,0,1.5,30.0,0.74,0.03542,20.05,1.09,8,313
349,Ruelle sans nom (segment 349),residential,48.75589413957861,8,12.0,0,1.5,30.0,0.74,0.03542,20.05,1.1,8,313
350,Ruelle sans nom (segment 350),residential,52.35457276385612,8,12.0,0,1.5,30.0,0.74,0.03542,20.05,1.1,8,313
351,Ruelle sans nom (segment 351),residential,11.449965882540928,8,12.0,0,1.5,30.0,0.74,0.03542,20.05,1.1,8,313
352,Ruelle sans nom (segment 352),residential,192.07982790291337,8,12.0,0,1.5,30.0,0.74,0.03542,20.05,1.08,8,313
353,Ngõ 1 Văn Hội,residential,18.59222485296444,8,12.0,1,1.5,30.0,0.74,0.03542,20.05,1.1,8,313
354,Ngách 56/16 Phố Lê Văn Hiến,residential,34.009985733321656,8,12.0,8,1.5,30.0,0.74,0.03542,20.05,1.1,8,313
355,Ruelle sans nom (segment 355),residential,82.74173032715728,8,12.0,0,1.5,30.0,0.74,0.03542,20.05,1.09,8,313
356,Ruelle sans nom (segment 356),residential,46.395797728470924,8,12.0,0,1.5,30.0,0.74,0.03542,20.05,1.1,8,313
357,Ngõ 186 Tân Phong,residential,43.876309356766676,8,12.0,0,1.5,30.0,0.74,0.03542,20.05,1.1,8,313
358,Ngõ 186 Tân Phong,residential,45.48744158073635,8,12.0,0,1.5,30.0,0.74,0.03542,20.05,1.1,8,313
359,Ruelle sans nom (segment 359),residential,25.751467163364776,8,12.0,0,1.5,30.0,0.74,0.03542,20.05,1.1,8,313
360,Ruelle sans nom (segment 360),residential,88.46426436858431,8,12.0,0,1.5,30.0,0.74,0.03542,20.05,1.09,8,313
361,Ruelle sans nom (segment 361),residential,37.48200040209037,8,10.0,3,1.25,22.5,0.82,0.03542,24.06,0.97,8,313
362,Ruelle sans nom (segment 362),residential,37.9963079477786,8,10.5,2,1.31,24.3,0.8,0.03542,22.91,1.01,8,313
363,Ruelle sans nom (segment 363),residential,42.44082797249835,8,9.375,8,1.17,20.4,0.85,0.03542,25.66,0.93,8,313
364,Ruelle sans nom (segment 364),residential,41.516749224242844,8,9.0,1,1.12,19.1,0.87,0.03542,26.73,0.91,8,313
365,Ruelle sans nom (segment 365),residential,52.73412772032259,8,12.0,0,1.5,30.0,0.74,0.03542,20.05,1.1,8,313
366,Ruelle sans nom (segment 366),residential,36.93779680796947,8,12.0,0,1.5,30.0,0.74,0.03542,20.05,1.1,8,313
367,Ruelle sans nom (segment 367),residential,25.304041953154886,8,12.0,0,1.5,30.0,0.74,0.03542,20.05,1.1,8,313
368,Ngõ 521 Đường Cổ Nhuế,residential,34.81684633717445,8,12.0,0,1.5,30.0,0.74,0.03542,20.05,1.1,8,313
369,Ngõ 521 Đường Cổ Nhuế,residential,65.15650346843994,8,10.0,3,1.25,22.5,0.82,0.03542,24.06,0.97,8,313
370,Ruelle sans nom (segment 370),residential,36.51638734882728,8,12.0,0,1.5,30.0,0.74,0.03542,20.05,1.1,8,313
371,Ruelle sans nom (segment 371),residential,73.13355175321873,8,12.0,0,1.5,30.0,0.74,0.03542,20.05,1.09,8,313
372,Ruelle sans nom (segment 372),residential,29.90514643548145,8,12.0,0,1.5,30.0,0.74,0.03542,20.05,1.1,8,313
373,Ruelle sans nom (segment 373),residential,14.13398446499892,8,12.0,0,1.5,30.0,0.74,0.03542,20.05,1.1,8,313
374,Ruelle sans nom (segment 374),residential,56.46177235467579,8,12.0,0,1.5,30.0,0.74,0.03542,20.05,1.1,8,313
375,Ngõ 521 Đường Cổ Nhuế,residential,13.684214059078124,8,12.0,0,1.5,30.0,0.74,0.03542,20.05,1.1,8,313
376,Ruelle sans nom (segment 376),residential,63.131346624061564,8,12.0,0,1.5,30.0,0.74,0.03542,20.05,1.1,8,313
377,Ngõ 521 Đường Cổ Nhuế,residential,19.8278954942048,8,12.0,0,1.5,30.0,0.74,0.03542,20.05,1.1,8,313
378,Ruelle sans nom (segment 378),residential,19.495757826407765,8,12.0,0,1.5,30.0,0.74,0.03542,20.05,1.1,8,313
379,Ruelle sans nom (segment 379),residential,37.97715071487337,8,45.0,1,5.62,298.1,0.28,0.03542,50.93,3.16,8,313
380,Ruelle sans nom (segment 380),residential,37.18418798718245,8,12.0,0,1.5,30.0,0.74,0.03542,20.05,1.1,8,313
381,Ruelle sans nom (segment 381),residential,26.34951506073747,8,12.0,0,1.5,30.0,0.74,0.03542,20.05,1.1,8,313
382,Ruelle sans nom (segment 382),residential,92.66526509780746,8,45.0,1,5.62,298.1,0.28,0.03542,50.93,3.15,8,313
383,Ruelle sans nom (segment 383),residential,50.44987188820144,8,45.0,1,5.62,298.1,0.28,0.03542,50.93,3.16,8,313
384,Ngõ 521 Đường Cổ Nhuế,residential,99.19313876575958,8,15.666666666666666,9,1.96,46.3,0.62,0.03542,22.74,1.32,8,313
385,Ngõ 521 Đường Cổ Nhuế,residential,32.82015901438875,8,9.6,5,1.2,21.1,0.84,0.03542,25.06,0.95,8,313
386,đường ăn phở,unclassified,8.470865198108449,8,10.2,5,1.27,23.2,0.81,0.03542,23.59,0.99,8,313
387,Ruelle sans nom (segment 387),residential,38.69381167088537,8,7.5,2,0.94,14.5,0.95,0.03542,32.08,0.82,8,313
388,Ruelle sans nom (segment 388),residential,73.77116010992218,8,7.5,2,0.94,14.5,0.95,0.03542,32.08,0.81,8,313
389,Ruelle sans nom (segment 389),residential,62.418100381641544,8,43.5,2,5.44,280.0,0.29,0.03542,49.48,3.06,8,313
390,Ruelle sans nom (segment 390),residential,252.92100985304143,8,44.25,8,5.53,289.0,0.28,0.03542,50.21,3.09,8,313
391,Ngõ 562 Phố Trần Cung,residential,193.66507570202717,8,12.0,0,1.5,30.0,0.74,0.03542,20.05,1.08,8,313
392,Ruelle sans nom (segment 392),residential,57.16961972878774,8,12.0,3,1.5,30.0,0.74,0.03542,20.05,1.1,8,313
393,Ruelle sans nom (segment 393),residential,53.66541822466285,8,12.0,2,1.5,30.0,0.74,0.03542,20.05,1.1,8,313
394,Ngõ 87 Đường Tân Xuân,residential,231.30333820779555,8,12.0,0,1.5,30.0,0.74,0.03542,20.05,1.07,8,313
395,Phố Văn Hội,residential,176.5743560457763,8,12.0,1,1.5,30.0,0.74,0.03542,20.05,1.08,8,313
396,Đường Phạm Văn Đồng,primary,419.2663670382057,20,12.0,0,0.6,19.2,1.15,0.30463,68.98,3.29,8,313
397,Đường Phạm Văn Đồng,primary,131.4138632896984,20,12.0,0,0.6,19.2,1.15,0.30463,68.98,3.33,8,313
398,Phố Viên,tertiary,113.21453325446674,12,12.0,2,1.0,24.0,0.92,0.14028,52.94,1.89,8,313
399,Phố Viên,tertiary,67.28605789782716,12,12.0,12,1.0,24.0,0.92,0.14028,52.94,1.89,8,313
400,đường 17,residential,35.60560022176205,8,12.0,1,1.5,30.0,0.74,0.03542,20.05,1.1,8,313
401,Ruelle sans nom (segment 401),residential,35.25742595443026,8,12.0,0,1.5,30.0,0.74,0.03542,20.05,1.1,8,313
402,Ruelle sans nom (segment 402),residential,14.645576070925964,8,12.0,0,1.5,30.0,0.74,0.03542,20.05,1.1,8,313
403,Phố Tân Phong,residential,171.40035952632095,8,12.0,0,1.5,30.0,0.74,0.03542,20.05,1.08,8,313
404,Phố Viên,tertiary,663.7066027548221,12,12.0,4,1.0,24.0,0.92,0.14028,52.94,1.81,8,313
405,Ruelle sans nom (segment 405),residential,56.82685467711838,8,12.0,0,1.5,30.0,0.74,0.03542,20.05,1.1,8,313
406,Ruelle sans nom (segment 406),residential,90.72233313569609,8,12.0,2,1.5,30.0,0.74,0.03542,20.05,1.09,8,313
407,Ruelle sans nom (segment 407),residential,33.52939020607326,8,12.0,0,1.5,30.0,0.74,0.03542,20.05,1.1,8,313
408,Ruelle sans nom (segment 408),residential,213.57962515755648,8,12.0,0,1.5,30.0,0.74,0.03542,20.05,1.08,8,313
409,Ngõ 309 Đường Phú Diễn,residential,426.09057336912474,8,12.0,0,1.5,30.0,0.74,0.03542,20.05,1.05,8,313
410,Ruelle sans nom (segment 410),residential,32.05750007239611,8,12.0,0,1.5,30.0,0.74,0.03542,20.05,1.1,8,313
411,Ruelle sans nom (segment 411),residential,17.820549710821744,8,12.0,0,1.5,30.0,0.74,0.03542,20.05,1.1,8,313
412,Ruelle sans nom (segment 412),residential,53.21328405743171,8,12.0,0,1.5,30.0,0.74,0.03542,20.05,1.1,8,313
413,Ruelle sans nom (segment 413),residential,50.03843090812512,8,12.0,0,1.5,30.0,0.74,0.03542,20.05,1.1,8,313
414,Ruelle sans nom (segment 414),residential,138.927882057751,8,12.0,0,1.5,30.0,0.74,0.03542,20.05,1.09,8,313
415,Ruelle sans nom (segment 415),residential,104.84865240224262,8,12.0,0,1.5,30.0,0.74,0.03542,20.05,1.09,8,313
416,Ruelle sans nom (segment 416),residential,41.96872379325446,8,12.0,0,1.5,30.0,0.74,0.03542,20.05,1.1,8,313
417,Ruelle sans nom (segment 417),residential,92.7582927985245,8,12.0,0,1.5,30.0,0.74,0.03542,20.05,1.09,8,313
418,Ruelle sans nom (segment 418),residential,75.41536104981681,8,12.0,0,1.5,30.0,0.74,0.03542,20.05,1.09,8,313
419,Ruelle sans nom (segment 419),unclassified,31.192133255125068,8,12.0,7,1.5,30.0,0.74,0.03542,20.05,1.1,8,313
420,Phố Viên,tertiary,107.15090956387739,12,12.0,13,1.0,24.0,0.92,0.14028,52.94,1.89,8,313
421,Ruelle sans nom (segment 421),unclassified,53.672226666163446,8,12.0,2,1.5,30.0,0.74,0.03542,20.05,1.1,8,313
422,Ruelle sans nom (segment 422),residential,15.833272105666067,8,12.0,0,1.5,30.0,0.74,0.03542,20.05,1.1,8,313
423,Ruelle sans nom (segment 423),residential,37.58483007858379,8,81.0,1,10.12,901.1,0.17,0.03542,29.7,5.41,8,313
424,Ruelle sans nom (segment 424),residential,9.866744177085783,8,12.0,0,1.5,30.0,0.74,0.03542,20.05,1.1,8,313
425,Ruelle sans nom (segment 425),residential,192.90360783431237,8,75.0,3,9.38,778.1,0.18,0.03542,32.08,5.02,8,313
426,Ruelle sans nom (segment 426),residential,33.5894697157519,8,12.0,0,1.5,30.0,0.74,0.03542,20.05,1.1,8,313
427,Phố Nguyễn Đình Tứ,tertiary,293.7767685772242,12,12.0,0,1.0,24.0,0.92,0.14028,52.94,1.86,8,313
428,Ruelle sans nom (segment 428),residential,96.08739841700861,8,12.0,0,1.5,30.0,0.74,0.03542,20.05,1.09,8,313
429,Ruelle sans nom (segment 429),residential,139.44318892366996,8,12.0,0,1.5,30.0,0.74,0.03542,20.05,1.09,8,313
430,Ruelle sans nom (segment 430),residential,72.54676973454463,8,12.0,1,1.5,30.0,0.74,0.03542,20.05,1.09,8,313
431,Đường Phạm Văn Đồng,primary,57.66834907305417,20,12.0,0,0.6,19.2,1.15,0.30463,68.98,3.34,8,313
432,Ruelle sans nom (segment 432),residential,93.4720454078194,8,12.0,0,1.5,30.0,0.74,0.03542,20.05,1.09,8,313
433,Ruelle sans nom (segment 433),residential,84.74225486349825,8,12.0,0,1.5,30.0,0.74,0.03542,20.05,1.09,8,313
434,Ruelle sans nom (segment 434),residential,53.86799916595806,8,12.0,0,1.5,30.0,0.74,0.03542,20.05,1.1,8,313
435,Ruelle sans nom (segment 435),residential,54.73687190260824,8,12.0,0,1.5,30.0,0.74,0.03542,20.05,1.1,8,313
436,Ruelle sans nom (segment 436),residential,40.567483726793945,8,12.0,0,1.5,30.0,0.74,0.03542,20.05,1.1,8,313
437,Ruelle sans nom (segment 437),residential,40.20736354599747,8,12.0,0,1.5,30.0,0.74,0.03542,20.05,1.1,8,313
438,Ruelle sans nom (segment 438),residential,162.07247327038522,8,12.0,0,1.5,30.0,0.74,0.03542,20.05,1.08,8,313
439,Ruelle sans nom (segment 439),residential,111.39108216922861,8,12.0,0,1.5,30.0,0.74,0.03542,20.05,1.09,8,313
440,Ruelle sans nom (segment 440),residential,77.30246116455736,8,12.0,0,1.5,30.0,0.74,0.03542,20.05,1.09,8,313
441,Ruelle sans nom (segment 441),residential,7.4201982258736745,8,12.0,0,1.5,30.0,0.74,0.03542,20.05,1.1,8,313
442,Ruelle sans nom (segment 442),residential,7.989627635612139,8,12.0,0,1.5,30.0,0.74,0.03542,20.05,1.1,8,313
443,Ngõ 22 Đường Đức Thắng,residential,9.229664359998761,8,12.0,0,1.5,30.0,0.74,0.03542,20.05,1.1,8,313
444,Ruelle sans nom (segment 444),residential,30.80110356296112,8,12.0,0,1.5,30.0,0.74,0.03542,20.05,1.1,8,313
445,Ngõ 309 Đường Phú Diễn,residential,50.59438329326416,8,12.0,0,1.5,30.0,0.74,0.03542,20.05,1.1,8,313
446,Ngách 309/39 Đường Phú Diễn,residential,70.20586558115964,8,12.0,0,1.5,30.0,0.74,0.03542,20.05,1.09,8,313
447,Đường Phạm Văn Đồng,primary,19.199863480954132,20,12.0,0,0.6,19.2,1.15,0.30463,68.98,3.34,8,313
448,Đường Phạm Văn Đồng,primary,135.5276618623789,20,12.0,0,0.6,19.2,1.15,0.30463,68.98,3.33,8,313
449,Ruelle sans nom (segment 449),residential,36.31398699785403,8,12.0,0,1.5,30.0,0.74,0.03542,20.05,1.1,8,313
450,Đường Sông Nhuệ,residential,118.0616870393659,8,11.4375,16,1.43,27.8,0.76,0.03542,21.04,1.05,8,313
451,Đường Phạm Văn Đồng,primary,9.065437158213497,20,12.0,0,0.6,19.2,1.15,0.30463,68.98,3.35,8,313
452,Ruelle sans nom (segment 452),residential,40.36441103156459,8,12.0,0,1.5,30.0,0.74,0.03542,20.05,1.1,8,313
453,Ruelle sans nom (segment 453),primary_link,25.80023941110768,10,12.0,0,1.2,26.4,0.84,0.02361,10.69,0.83,8,313
454,Đường Phạm Văn Đồng,primary,159.1271914547189,20,12.0,0,0.6,19.2,1.15,0.30463,68.98,3.33,8,313
455,Đường Phạm Văn Đồng,primary,271.98664825354155,20,12.0,0,0.6,19.2,1.15,0.30463,68.98,3.31,8,313
456,Ngõ 523 Đường Cổ Nhuế,residential,87.85317387544325,8,28.5,2,3.56,130.0,0.4,0.03542,35.07,2.12,8,313
457,Ruelle sans nom (segment 457),residential,18.098294430528664,8,12.0,0,1.5,30.0,0.74,0.03542,20.05,1.1,8,313
458,Đường Hoàng Tăng Bí,tertiary,17.615236729507778,12,12.0,0,1.0,24.0,0.92,0.14028,52.94,1.9,8,313
459,Ruelle sans nom (segment 459),tertiary,1285.4274823115632,12,12.0,0,1.0,24.0,0.92,0.14028,52.94,1.73,8,313
460,Phố Nguyễn Đình Tứ,tertiary,8.90269530068524,12,12.0,0,1.0,24.0,0.92,0.14028,52.94,1.9,8,313
461,Ruelle sans nom (segment 461),tertiary,1278.4831084890588,12,12.0,0,1.0,24.0,0.92,0.14028,52.94,1.73,8,313
462,Ruelle sans nom (segment 462),residential,136.93698136539658,8,12.0,0,1.5,30.0,0.74,0.03542,20.05,1.09,8,313
463,Ruelle sans nom (segment 463),residential,21.105312880496967,8,12.0,0,1.5,30.0,0.74,0.03542,20.05,1.1,8,313
464,Ruelle sans nom (segment 464),residential,204.89808142084246,8,12.0,16,1.5,30.0,0.74,0.03542,20.05,1.08,8,313
465,Tây Thăng Long,secondary,115.38938044121397,16,12.0,0,0.75,21.0,1.05,0.22986,65.06,2.66,8,313
466,Ruelle sans nom (segment 466),residential,76.99615671491831,8,12.0,0,1.5,30.0,0.74,0.03542,20.05,1.09,8,313
467,Ruelle sans nom (segment 467),residential,24.624233209901174,8,75.0,1,9.38,778.1,0.18,0.03542,32.08,5.04,8,313
468,Tây Thăng Long,secondary,510.005074536017,16,12.0,0,0.75,21.0,1.05,0.22986,65.06,2.61,8,313
469,Đường Tây Thăng Long,secondary,17.67919953449278,16,12.0,0,0.75,21.0,1.05,0.22986,65.06,2.67,8,313
470,Tây Thăng Long,secondary,150.07879850602046,16,12.0,0,0.75,21.0,1.05,0.22986,65.06,2.65,8,313
471,Đường Phạm Văn Đồng,primary,119.98396576198738,20,12.0,0,0.6,19.2,1.15,0.30463,68.98,3.33,8,313
472,Đường Phạm Văn Đồng,primary,734.2170774308352,20,12.0,0,0.6,19.2,1.15,0.30463,68.98,3.25,8,313
473,Đường Phạm Văn Đồng,primary,171.5628189734861,20,12.0,1,0.6,19.2,1.15,0.30463,68.98,3.32,8,313
474,Đường Phạm Văn Đồng,primary,124.79358656340492,20,12.0,0,0.6,19.2,1.15,0.30463,68.98,3.33,8,313
475,Tây Thăng Long,secondary,62.086171575946814,16,12.0,0,0.75,21.0,1.05,0.22986,65.06,2.67,8,313
476,Ruelle sans nom (segment 476),secondary_link,11.519790292544386,10,12.0,0,1.2,26.4,0.84,0.02361,10.69,0.83,8,313
477,Ngõ 22 Đường Đức Thắng,residential,15.759220643439887,8,12.0,9,1.5,30.0,0.74,0.03542,20.05,1.1,8,313
478,Ngõ 22 Đường Đức Thắng,residential,29.633340494916162,8,12.0,0,1.5,30.0,0.74,0.03542,20.05,1.1,8,313
479,Ruelle sans nom (segment 479),residential,4.619051981466346,8,78.0,2,9.75,838.5,0.17,0.03542,30.85,5.23,8,313
480,Tây Thăng Long,secondary,242.9551988966142,16,12.0,0,0.75,21.0,1.05,0.22986,65.06,2.64,8,313
481,Ruelle sans nom (segment 481),residential,18.029265340689214,8,12.0,1,1.5,30.0,0.74,0.03542,20.05,1.1,8,313
482,Ruelle sans nom (segment 482),residential,49.855797521552134,8,12.0,1,1.5,30.0,0.74,0.03542,20.05,1.1,8,313
483,Ruelle sans nom (segment 483),residential,312.94664766692546,8,12.0,0,1.5,30.0,0.74,0.03542,20.05,1.06,8,313
484,Đường Tây Thăng Long,secondary,695.5209182999835,16,12.0,0,0.75,21.0,1.05,0.22986,65.06,2.58,8,313
485,Ruelle sans nom (segment 485),residential,192.8458119491695,8,76.5,4,9.56,808.0,0.17,0.03542,31.45,5.11,8,313
486,Ruelle sans nom (segment 486),residential,94.35184153198131,8,12.0,0,1.5,30.0,0.74,0.03542,20.05,1.09,8,313
487,Ruelle sans nom (segment 487),residential,91.71093749633285,8,12.0,0,1.5,30.0,0.74,0.03542,20.05,1.09,8,313
488,Ruelle sans nom (segment 488),residential,135.38443577715526,8,12.0,0,1.5,30.0,0.74,0.03542,20.05,1.09,8,313
489,Ruelle sans nom (segment 489),residential,93.75992988836292,8,12.0,0,1.5,30.0,0.74,0.03542,20.05,1.09,8,313
490,Ruelle sans nom (segment 490),residential,55.46272892831694,8,12.0,0,1.5,30.0,0.74,0.03542,20.05,1.1,8,313
491,Ruelle sans nom (segment 491),residential,49.53049557763174,8,12.0,0,1.5,30.0,0.74,0.03542,20.05,1.1,8,313
492,Ruelle sans nom (segment 492),residential,53.30905458852745,8,12.0,0,1.5,30.0,0.74,0.03542,20.05,1.1,8,313
493,Ruelle sans nom (segment 493),residential,93.8049176150642,8,12.0,0,1.5,30.0,0.74,0.03542,20.05,1.09,8,313
494,Ruelle sans nom (segment 494),residential,83.98423649882511,8,12.0,0,1.5,30.0,0.74,0.03542,20.05,1.09,8,313
495,Ruelle sans nom (segment 495),residential,54.83464597813396,8,12.0,0,1.5,30.0,0.74,0.03542,20.05,1.1,8,313
496,Ruelle sans nom (segment 496),residential,47.90596351582515,8,12.0,0,1.5,30.0,0.74,0.03542,20.05,1.1,8,313
497,Ruelle sans nom (segment 497),residential,48.60352037995655,8,12.0,0,1.5,30.0,0.74,0.03542,20.05,1.1,8,313
498,Ruelle sans nom (segment 498),residential,47.63896037148999,8,12.0,0,1.5,30.0,0.74,0.03542,20.05,1.1,8,313
499,Ruelle sans nom (segment 499),unclassified,179.84695318812715,8,12.0,0,1.5,30.0,0.74,0.03542,20.05,1.08,8,313
500,Tây Thăng Long,secondary,120.67281494998724,16,12.0,0,0.75,21.0,1.05,0.22986,65.06,2.66,8,313
0,Ngõ 87 Đường Tân Xuân,residential,7.431604308921684,8,12.0,0,1.5,30.0,0.87,0.02125,10.2,0.96,14,1037
1,Ngõ 85 Đường Tân Xuân,residential,261.33732697076476,8,12.0,0,1.5,30.0,0.87,0.02125,10.2,0.93,14,1037
2,Đường Tân Xuân,secondary,64.1155671139473,16,12.0,0,0.75,21.0,1.24,0.13792,33.1,1.75,14,1037
3,Phố Viên,tertiary,46.32053804369866,12,12.0,0,1.0,24.0,1.08,0.08417,26.94,1.34,14,1037
4,Đường Cầu Noi,tertiary,397.33561828021703,12,12.0,1,1.0,24.0,1.08,0.08417,26.94,1.29,14,1037
5,Đường Phan Bá Vành,tertiary,353.50646222840555,12,12.0,0,1.0,24.0,1.08,0.08417,26.94,1.29,14,1037
6,Cầu Noi,tertiary,114.91459032965052,12,12.0,0,1.0,24.0,1.08,0.08417,26.94,1.33,14,1037
7,Đường Cổ Nhuế,secondary,728.4521787721933,16,10.8,10,0.68,18.1,1.3,0.13792,36.78,1.62,14,1037
8,Đường Cầu Noi,tertiary,273.5496442669747,12,12.0,2,1.0,24.0,1.08,0.08417,26.94,1.31,14,1037
9,Đường Cổ Nhuế,secondary,183.83368356311726,16,11.590909090909092,22,0.72,20.0,1.26,0.13792,34.27,1.72,14,1037
10,Ngõ 392 Đường Cổ Nhuế,residential,248.78674534764374,8,10.8,5,1.35,25.4,0.92,0.02125,11.33,0.85,14,1037
11,Ngõ 43 Đường Cổ Nhuế,residential,274.79955257781944,8,12.0,1,1.5,30.0,0.87,0.02125,10.2,0.93,14,1037
12,Đường Cổ Nhuế,secondary,231.3087971897013,16,12.0,5,0.75,21.0,1.24,0.13792,33.1,1.72,14,1037
13,Đường Phạm Văn Đồng,primary,653.1537412211962,20,12.0,0,0.6,19.2,1.36,0.18278,35.1,2.04,14,1037
14,Đường Phạm Văn Đồng,primary,392.0420914866389,20,12.0,0,0.6,19.2,1.36,0.18278,35.1,2.08,14,1037
15,Đường Cổ Nhuế,secondary,165.64174986402298,16,12.0,11,0.75,21.0,1.24,0.13792,33.1,1.73,14,1037
16,Phố Nguyễn Đình Tứ,tertiary,379.0403801488728,12,12.0,4,1.0,24.0,1.08,0.08417,26.94,1.29,14,1037
17,Đường Đức Thắng,secondary,246.6444822640605,16,12.0,1,0.75,21.0,1.24,0.13792,33.1,1.72,14,1037
18,Phố Viên,tertiary,200.65259112167843,12,12.0,2,1.0,24.0,1.08,0.08417,26.94,1.31,14,1037
19,Đường Đức Thắng,secondary,57.881890610648455,16,12.0,8,0.75,21.0,1.24,0.13792,33.1,1.75,14,1037
20,Ruelle sans nom (segment 20),residential,210.65765379078826,8,12.0,0,1.5,30.0,0.87,0.02125,10.2,0.93,14,1037
21,Đường Đức Thắng,secondary,31.633849093310815,16,12.0,7,0.75,21.0,1.24,0.13792,33.1,1.75,14,1037
22,Đường Lê Văn Hiến,tertiary,243.67768999454475,12,12.0,72,1.0,24.0,1.08,0.08417,26.94,1.31,14,1037
23,Phố Viên,tertiary,94.50782529336368,12,12.0,1,1.0,24.0,1.08,0.08417,26.94,1.33,14,1037
24,Ruelle sans nom (segment 24),residential,116.19526947973388,8,12.0,0,1.5,30.0,0.87,0.02125,10.2,0.95,14,1037
25,Phố Viên,tertiary,190.13235581070657,12,12.0,0,1.0,24.0,1.08,0.08417,26.94,1.32,14,1037
26,Ruelle sans nom (segment 26),residential,3.498712557738033,8,12.0,0,1.5,30.0,0.87,0.02125,10.2,0.96,14,1037
27,Ngõ 119 Đường Cổ Nhuế,residential,20.32099804289561,8,12.0,0,1.5,30.0,0.87,0.02125,10.2,0.96,14,1037
28,Ngõ 119 Đường Cổ Nhuế,residential,224.71830886461947,8,12.0,0,1.5,30.0,0.87,0.02125,10.2,0.93,14,1037
29,Ngách 43/ Cổ Nhuế,residential,5.211547382507359,8,12.0,0,1.5,30.0,0.87,0.02125,10.2,0.96,14,1037
30,Ngõ 119 Đường Cổ Nhuế,residential,107.62174748351161,8,12.0,1,1.5,30.0,0.87,0.02125,10.2,0.95,14,1037
31,Đường Phạm Văn Đồng,primary,248.88868666138313,20,12.0,0,0.6,19.2,1.36,0.18278,35.1,2.09,14,1037
32,Phố Phạm Tiến Duật,residential,22.95381950443031,8,12.0,0,1.5,30.0,0.87,0.02125,10.2,0.96,14,1037
33,Phố Phạm Tiến Duật,residential,29.112434831070598,8,12.0,0,1.5,30.0,0.87,0.02125,10.2,0.96,14,1037
34,Ruelle sans nom (segment 34),tertiary,40.849867440166534,12,12.0,0,1.0,24.0,1.08,0.08417,26.94,1.34,14,1037
35,Ruelle sans nom (segment 35),residential,112.29636313306482,8,12.0,1,1.5,30.0,0.87,0.02125,10.2,0.95,14,1037
36,Ruelle sans nom (segment 36),tertiary,139.93499517812313,12,12.0,1,1.0,24.0,1.08,0.08417,26.94,1.32,14,1037
37,Ruelle sans nom (segment 37),residential,30.0330582021372,8,12.0,0,1.5,30.0,0.87,0.02125,10.2,0.96,14,1037
38,Ruelle sans nom (segment 38),residential,29.476128650695504,8,12.0,0,1.5,30.0,0.87,0.02125,10.2,0.96,14,1037
39,Ruelle sans nom (segment 39),residential,54.279713132519916,8,12.0,2,1.5,30.0,0.87,0.02125,10.2,0.96,14,1037
40,Ruelle sans nom (segment 40),residential,29.747847698075855,8,12.0,0,1.5,30.0,0.87,0.02125,10.2,0.96,14,1037
41,Ruelle sans nom (segment 41),residential,19.318759289986524,8,12.0,0,1.5,30.0,0.87,0.02125,10.2,0.96,14,1037
42,Ruelle sans nom (segment 42),residential,105.48519749892114,8,12.0,2,1.5,30.0,0.87,0.02125,10.2,0.95,14,1037
43,Ruelle sans nom (segment 43),residential,62.196022975535044,8,12.0,2,1.5,30.0,0.87,0.02125,10.2,0.95,14,1037
44,Ruelle sans nom (segment 44),residential,25.19765737971533,8,12.0,2,1.5,30.0,0.87,0.02125,10.2,0.96,14,1037
45,Đường Phạm Văn Đồng,primary,26.978962810836634,20,12.0,0,0.6,19.2,1.36,0.18278,35.1,2.12,14,1037
46,Phố Trần Cung,secondary,23.608574984217846,16,12.0,0,0.75,21.0,1.24,0.13792,33.1,1.75,14,1037
47,Đường Đức Thắng,secondary,216.92919026772898,16,12.0,0,0.75,21.0,1.24,0.13792,33.1,1.73,14,1037
48,Đường Đức Thắng,secondary,368.8029360573254,16,12.0,0,0.75,21.0,1.24,0.13792,33.1,1.71,14,1037
49,Ruelle sans nom (segment 49),residential,88.2043337196852,8,12.0,0,1.5,30.0,0.87,0.02125,10.2,0.95,14,1037
50,Đường Hoàng Tăng Bí,tertiary,385.40503449083576,12,12.0,0,1.0,24.0,1.08,0.08417,26.94,1.29,14,1037
51,Đường Tân Xuân,secondary,111.01715326795349,16,12.0,0,0.75,21.0,1.24,0.13792,33.1,1.74,14,1037
52,Đường Đức Thắng,secondary,185.77596670180512,16,12.0,1,0.75,21.0,1.24,0.13792,33.1,1.73,14,1037
53,Đường Đức Thắng,secondary,175.2382225439117,16,12.0,1,0.75,21.0,1.24,0.13792,33.1,1.73,14,1037
54,đường 24,residential,323.98562291246765,8,12.0,2,1.5,30.0,0.87,0.02125,10.2,0.92,14,1037
55,Đường Lê Văn Hiến,tertiary,6.87312610814756,12,12.0,15,1.0,24.0,1.08,0.08417,26.94,1.34,14,1037
56,Đường Lê Văn Hiến,tertiary,95.4333391989522,12,12.0,23,1.0,24.0,1.08,0.08417,26.94,1.33,14,1037
57,Ngõ 59 Lê Văn Hiến,residential,294.1493051866413,8,13.038461538461538,26,1.63,34.3,0.83,0.02125,9.39,0.99,14,1037
58,Ruelle sans nom (segment 58),residential,26.046494433265323,8,12.0,0,1.5,30.0,0.87,0.02125,10.2,0.96,14,1037
59,Phố Tân Phong,residential,340.3403376717469,8,12.0,0,1.5,30.0,0.87,0.02125,10.2,0.92,14,1037
60,Phố Tân Phong,residential,44.567108851835954,8,12.0,0,1.5,30.0,0.87,0.02125,10.2,0.96,14,1037
61,Ruelle sans nom (segment 61),residential,184.50165284192826,8,12.0,3,1.5,30.0,0.87,0.02125,10.2,0.94,14,1037
62,Đường Bờ tây sông Nhuệ,tertiary,382.40915738969437,12,12.0,3,1.0,24.0,1.08,0.08417,26.94,1.29,14,1037
63,Đường Bờ tây sông Nhuệ,tertiary,111.15447321151886,12,12.0,4,1.0,24.0,1.08,0.08417,26.94,1.33,14,1037
64,Ruelle sans nom (segment 64),residential,43.43685563912119,8,12.0,0,1.5,30.0,0.87,0.02125,10.2,0.96,14,1037
65,Đường Bờ tây sông Nhuệ,tertiary,85.99224468458875,12,12.0,0,1.0,24.0,1.08,0.08417,26.94,1.33,14,1037
66,Đường Bờ tây sông Nhuệ,tertiary,103.05077738691455,12,12.0,0,1.0,24.0,1.08,0.08417,26.94,1.33,14,1037
67,Đường Bờ tây sông Nhuệ,tertiary,108.68425160565269,12,12.0,0,1.0,24.0,1.08,0.08417,26.94,1.33,14,1037
68,Đường Phạm Văn Nghị,tertiary,363.67663871282014,12,12.0,0,1.0,24.0,1.08,0.08417,26.94,1.29,14,1037
69,Ruelle sans nom (segment 69),residential,47.943635418342105,8,12.0,0,1.5,30.0,0.87,0.02125,10.2,0.96,14,1037
70,Đường Bờ tây sông Nhuệ,tertiary,188.004806059167,12,12.0,0,1.0,24.0,1.08,0.08417,26.94,1.32,14,1037
71,Đường Bờ tây sông Nhuệ,tertiary,314.4989193765721,12,12.0,0,1.0,24.0,1.08,0.08417,26.94,1.3,14,1037
72,Phố Tân Phong,residential,28.558148464410106,8,12.0,0,1.5,30.0,0.87,0.02125,10.2,0.96,14,1037
73,Phố Tân Phong,residential,74.36934057839906,8,12.0,1,1.5,30.0,0.87,0.02125,10.2,0.95,14,1037
74,Ruelle sans nom (segment 74),residential,79.56502517907872,8,12.0,1,1.5,30.0,0.87,0.02125,10.2,0.95,14,1037
75,Phố Tân Phong,residential,275.45025060115063,8,12.0,0,1.5,30.0,0.87,0.02125,10.2,0.93,14,1037
76,Ngách 114/62 Phố Tân Phong,residential,188.10789948732824,8,12.0,0,1.5,30.0,0.87,0.02125,10.2,0.94,14,1037
77,Đường Lê Văn Hiến,tertiary,35.18047995835501,12,12.0,10,1.0,24.0,1.08,0.08417,26.94,1.34,14,1037
78,Ruelle sans nom (segment 78),residential,67.56275241446252,8,12.0,5,1.5,30.0,0.87,0.02125,10.2,0.95,14,1037
79,Ngõ 56 Lê Văn Hiến,residential,73.20549389247209,8,12.0,8,1.5,30.0,0.87,0.02125,10.2,0.95,14,1037
80,Đường Sông Nhuệ,residential,305.84909416707313,8,11.82,50,1.48,29.3,0.88,0.02125,10.36,0.91,14,1037
81,Đường Phạm Văn Nghị,residential,73.59913549714523,8,12.0,5,1.5,30.0,0.87,0.02125,10.2,0.95,14,1037
82,Khu B Đại Học Mỏ,residential,24.48264989248487,8,12.0,0,1.5,30.0,0.87,0.02125,10.2,0.96,14,1037
83,Khu B Đại Học Mỏ,residential,171.46457116801238,8,12.0,2,1.5,30.0,0.87,0.02125,10.2,0.94,14,1037
84,Đường Phạm Văn Nghị,residential,144.53564018620222,8,12.0,1,1.5,30.0,0.87,0.02125,10.2,0.94,14,1037
85,Đường Tây Thăng Long,secondary,32.367414548754674,16,12.0,0,0.75,21.0,1.24,0.13792,33.1,1.75,14,1037
86,Phố Chế Lan Viên,residential,35.71836520127233,8,12.0,0,1.5,30.0,0.87,0.02125,10.2,0.96,14,1037
87,Phố Chế Lan Viên,residential,105.82626761234326,8,12.0,1,1.5,30.0,0.87,0.02125,10.2,0.95,14,1037
88,Ruelle sans nom (segment 88),residential,45.32167575788916,8,12.0,0,1.5,30.0,0.87,0.02125,10.2,0.96,14,1037
89,Ruelle sans nom (segment 89),residential,35.568667930445,8,12.0,0,1.5,30.0,0.87,0.02125,10.2,0.96,14,1037
90,Ruelle sans nom (segment 90),residential,80.86814080975384,8,12.0,0,1.5,30.0,0.87,0.02125,10.2,0.95,14,1037
91,Phố Phạm Tiến Duật,residential,32.027957450887385,8,12.0,0,1.5,30.0,0.87,0.02125,10.2,0.96,14,1037
92,Phố Phạm Tiến Duật,residential,18.999492861110223,8,12.0,0,1.5,30.0,0.87,0.02125,10.2,0.96,14,1037
93,Ruelle sans nom (segment 93),residential,142.80600261404606,8,12.0,0,1.5,30.0,0.87,0.02125,10.2,0.94,14,1037
94,Ruelle sans nom (segment 94),tertiary,121.42796612137325,12,12.0,0,1.0,24.0,1.08,0.08417,26.94,1.33,14,1037
95,Ruelle sans nom (segment 95),tertiary,30.662215529041735,12,12.0,2,1.0,24.0,1.08,0.08417,26.94,1.34,14,1037
96,Ruelle sans nom (segment 96),residential,181.35738964046453,8,12.0,3,1.5,30.0,0.87,0.02125,10.2,0.94,14,1037
97,Ruelle sans nom (segment 97),tertiary,56.83679209927065,12,12.0,2,1.0,24.0,1.08,0.08417,26.94,1.33,14,1037
98,Phố Phạm Tiến Duật,residential,58.959787224294644,8,12.0,2,1.5,30.0,0.87,0.02125,10.2,0.95,14,1037
99,Ruelle sans nom (segment 99),residential,107.33594823851789,8,12.0,2,1.5,30.0,0.87,0.02125,10.2,0.95,14,1037
100,Ruelle sans nom (segment 100),residential,26.993916246266085,8,12.0,1,1.5,30.0,0.87,0.02125,10.2,0.96,14,1037
101,Phố Phạm Tiến Duật,residential,44.25446394163041,8,12.0,1,1.5,30.0,0.87,0.02125,10.2,0.96,14,1037
102,Ruelle sans nom (segment 102),residential,62.25506258256634,8,12.0,2,1.5,30.0,0.87,0.02125,10.2,0.95,14,1037
103,Ruelle sans nom (segment 103),tertiary,29.587125845099074,12,12.0,1,1.0,24.0,1.08,0.08417,26.94,1.34,14,1037
104,Phố Phạm Tiến Duật,residential,56.72022471412354,8,12.0,0,1.5,30.0,0.87,0.02125,10.2,0.95,14,1037
105,Phố Phạm Tiến Duật,residential,49.98323193914869,8,12.0,0,1.5,30.0,0.87,0.02125,10.2,0.96,14,1037
106,Ruelle sans nom (segment 106),residential,55.07941153015606,8,12.0,0,1.5,30.0,0.87,0.02125,10.2,0.96,14,1037
107,Ruelle sans nom (segment 107),residential,113.84823806593242,8,12.0,0,1.5,30.0,0.87,0.02125,10.2,0.95,14,1037
108,Ruelle sans nom (segment 108),residential,21.299723733224724,8,12.0,0,1.5,30.0,0.87,0.02125,10.2,0.96,14,1037
109,Ruelle sans nom (segment 109),residential,104.07430909022764,8,12.0,0,1.5,30.0,0.87,0.02125,10.2,0.95,14,1037
110,Phố Chế Lan Viên,residential,54.92750350430069,8,12.0,0,1.5,30.0,0.87,0.02125,10.2,0.96,14,1037
111,Phố Chế Lan Viên,residential,153.31155513271506,8,12.0,1,1.5,30.0,0.87,0.02125,10.2,0.94,14,1037
112,Phố Chế Lan Viên,residential,42.70364236917911,8,12.0,0,1.5,30.0,0.87,0.02125,10.2,0.96,14,1037
113,Phố Chế Lan Viên,residential,145.93941956134242,8,12.0,2,1.5,30.0,0.87,0.02125,10.2,0.94,14,1037
114,Ruelle sans nom (segment 114),residential,58.53835632987835,8,12.0,0,1.5,30.0,0.87,0.02125,10.2,0.95,14,1037
115,Ruelle sans nom (segment 115),residential,60.42993250615117,8,12.0,0,1.5,30.0,0.87,0.02125,10.2,0.95,14,1037
116,Phố Chế Lan Viên,residential,27.48057825341522,8,12.0,0,1.5,30.0,0.87,0.02125,10.2,0.96,14,1037
117,Ngách 142/43 Đường Cổ Nhuế,residential,19.063067804193643,8,12.0,0,1.5,30.0,0.87,0.02125,10.2,0.96,14,1037
118,Ruelle sans nom (segment 118),residential,26.994169258614694,8,12.0,0,1.5,30.0,0.87,0.02125,10.2,0.96,14,1037
119,Phố Chế Lan Viên,residential,52.92477556679909,8,12.0,0,1.5,30.0,0.87,0.02125,10.2,0.96,14,1037
120,Phố Chế Lan Viên,residential,89.38296356321422,8,12.0,0,1.5,30.0,0.87,0.02125,10.2,0.95,14,1037
121,Ruelle sans nom (segment 121),residential,29.41700987934167,8,12.0,0,1.5,30.0,0.87,0.02125,10.2,0.96,14,1037
122,Ruelle sans nom (segment 122),residential,79.52609598606723,8,12.0,0,1.5,30.0,0.87,0.02125,10.2,0.95,14,1037
123,Ruelle sans nom (segment 123),tertiary,58.56822422027343,12,12.0,1,1.0,24.0,1.08,0.08417,26.94,1.33,14,1037
124,Ruelle sans nom (segment 124),residential,51.03371558212011,8,12.0,2,1.5,30.0,0.87,0.02125,10.2,0.96,14,1037
125,Phố Phạm Tiến Duật,residential,14.187060736480149,8,12.0,0,1.5,30.0,0.87,0.02125,10.2,0.96,14,1037
126,Phố Phạm Tiến Duật,residential,109.89812582570484,8,12.0,0,1.5,30.0,0.87,0.02125,10.2,0.95,14,1037
127,Ruelle sans nom (segment 127),tertiary,52.96540944859521,12,12.0,1,1.0,24.0,1.08,0.08417,26.94,1.33,14,1037
128,Ruelle sans nom (segment 128),residential,57.353592800535026,8,12.0,2,1.5,30.0,0.87,0.02125,10.2,0.95,14,1037
129,Phố Phạm Tiến Duật,residential,83.12626973678759,8,12.0,0,1.5,30.0,0.87,0.02125,10.2,0.95,14,1037
130,Ruelle sans nom (segment 130),residential,57.45484590127447,8,12.0,0,1.5,30.0,0.87,0.02125,10.2,0.95,14,1037
131,Ruelle sans nom (segment 131),residential,74.00446592580646,8,12.0,0,1.5,30.0,0.87,0.02125,10.2,0.95,14,1037
132,Phố Chế Lan Viên,residential,40.12074361496024,8,6.0,1,0.75,10.5,1.24,0.02125,20.4,0.58,14,1037
133,Phố Chế Lan Viên,residential,42.124368625848994,8,6.0,1,0.75,10.5,1.24,0.02125,20.4,0.58,14,1037
134,Ruelle sans nom (segment 134),residential,67.95257289707088,8,6.0,1,0.75,10.5,1.24,0.02125,20.4,0.58,14,1037
135,Khu B Đại Học Mỏ,residential,62.88806221535221,8,12.0,0,1.5,30.0,0.87,0.02125,10.2,0.95,14,1037
136,Ruelle sans nom (segment 136),residential,55.93500041593819,8,12.0,1,1.5,30.0,0.87,0.02125,10.2,0.96,14,1037
137,Ruelle sans nom (segment 137),residential,55.67252162656977,8,12.0,0,1.5,30.0,0.87,0.02125,10.2,0.96,14,1037
138,Phố Viên,tertiary,176.50898412581512,12,12.0,0,1.0,24.0,1.08,0.08417,26.94,1.32,14,1037
139,Phố Viên,tertiary,80.51862373273842,12,12.0,0,1.0,24.0,1.08,0.08417,26.94,1.33,14,1037
140,Đường Phạm Văn Đồng,primary,355.4235369774434,20,12.0,0,0.6,19.2,1.36,0.18278,35.1,2.08,14,1037
141,Đường Phạm Văn Đồng,primary,258.5520351774697,20,12.0,0,0.6,19.2,1.36,0.18278,35.1,2.09,14,1037
142,Ngõ 104 Đường Cổ Nhuế,residential,349.3611056564863,8,12.0,1,1.5,30.0,0.87,0.02125,10.2,0.92,14,1037
143,Đường Cổ Nhuế,secondary,79.2609582681947,16,12.0,0,0.75,21.0,1.24,0.13792,33.1,1.74,14,1037
144,Phố Nguyễn Đình Tứ,tertiary,133.54079882536726,12,12.0,0,1.0,24.0,1.08,0.08417,26.94,1.32,14,1037
145,Phố Nguyễn Đình Tứ,tertiary,333.1681486067531,12,12.0,0,1.0,24.0,1.08,0.08417,26.94,1.3,14,1037
146,Ruelle sans nom (segment 146),residential,370.3924398454765,8,12.0,0,1.5,30.0,0.87,0.02125,10.2,0.91,14,1037
147,Phố Nguyễn Đình Tứ,tertiary,77.85444382770089,12,12.0,0,1.0,24.0,1.08,0.08417,26.94,1.33,14,1037
148,Ruelle sans nom (segment 148),tertiary,63.43967958333617,12,12.0,0,1.0,24.0,1.08,0.08417,26.94,1.33,14,1037
149,Đường Phạm Văn Đồng,primary,159.67927185166496,20,12.0,1,0.6,19.2,1.36,0.18278,35.1,2.11,14,1037
150,Tăng Thiết Giáp,residential,228.17918164400555,8,12.0,2,1.5,30.0,0.87,0.02125,10.2,0.93,14,1037
151,Ruelle sans nom (segment 151),residential,62.11868818478042,8,12.0,2,1.5,30.0,0.87,0.02125,10.2,0.95,14,1037
152,Tăng Thiết Giáp,residential,186.03072820082085,8,12.0,3,1.5,30.0,0.87,0.02125,10.2,0.94,14,1037
153,Ngõ 43 Đường Cổ Nhuế,residential,241.39325637612822,8,33.0,3,4.12,169.1,0.42,0.02125,6.05,2.24,14,1037
154,Đường Sông Nhuệ,residential,189.64137955655738,8,12.0,5,1.5,30.0,0.87,0.02125,10.2,0.94,14,1037
155,Ruelle sans nom (segment 155),tertiary,69.3752321509986,12,12.0,1,1.0,24.0,1.08,0.08417,26.94,1.33,14,1037
156,Ruelle sans nom (segment 156),residential,75.31298526700996,8,12.0,2,1.5,30.0,0.87,0.02125,10.2,0.95,14,1037
157,Ruelle sans nom (segment 157),tertiary,93.61967153366069,12,12.0,1,1.0,24.0,1.08,0.08417,26.94,1.33,14,1037
158,Ngõ 56 Lê Văn Hiến,residential,108.7298365467372,8,12.0,5,1.5,30.0,0.87,0.02125,10.2,0.95,14,1037
159,Ngõ 1 Văn Hội,residential,217.35984768953088,8,11.571428571428571,21,1.45,28.3,0.89,0.02125,10.58,0.91,14,1037
160,Ngõ 1 Văn Hội,residential,36.247625210143994,8,12.0,1,1.5,30.0,0.87,0.02125,10.2,0.96,14,1037
161,đường 15,residential,32.800971650250645,8,12.0,1,1.5,30.0,0.87,0.02125,10.2,0.96,14,1037
162,đường 15,residential,209.57151603615114,8,12.0,1,1.5,30.0,0.87,0.02125,10.2,0.93,14,1037
163,Phố Văn Hội,residential,28.87532697181348,8,12.0,1,1.5,30.0,0.87,0.02125,10.2,0.96,14,1037
164,Ngõ 1 Văn Hội,residential,45.224554341897196,8,12.0,0,1.5,30.0,0.87,0.02125,10.2,0.96,14,1037
165,Ngõ 1 Văn Hội,residential,110.0045491211467,8,12.0,2,1.5,30.0,0.87,0.02125,10.2,0.95,14,1037
166,Phố Văn Hội,residential,92.95273120200764,8,12.0,1,1.5,30.0,0.87,0.02125,10.2,0.95,14,1037
167,Phố Văn Hội,residential,69.3774550066959,8,12.0,1,1.5,30.0,0.87,0.02125,10.2,0.95,14,1037
168,Ngách 142/43 Đường Cổ Nhuế,residential,35.03553827232695,8,12.0,0,1.5,30.0,0.87,0.02125,10.2,0.96,14,1037
169,Ruelle sans nom (segment 169),residential,22.927824391455946,8,9.5,6,1.19,20.8,0.99,0.02125,12.89,0.8,14,1037
170,Đường Cổ Nhuế,secondary,57.30523727807685,16,11.25,8,0.7,19.2,1.27,0.13792,35.31,1.72,14,1037
171,Ngõ 523 Đường Cổ Nhuế,residential,52.01256304729594,8,28.5,2,3.56,130.0,0.48,0.02125,5.39,1.99,14,1037
172,Ruelle sans nom (segment 172),residential,42.494483919171536,8,12.0,0,1.5,30.0,0.87,0.02125,10.2,0.96,14,1037
173,Ruelle sans nom (segment 173),residential,144.20293159368617,8,12.0,0,1.5,30.0,0.87,0.02125,10.2,0.94,14,1037
174,Ruelle sans nom (segment 174),residential,61.746239841463606,8,12.0,0,1.5,30.0,0.87,0.02125,10.2,0.95,14,1037
175,Ruelle sans nom (segment 175),residential,19.73335708551546,8,12.0,0,1.5,30.0,0.87,0.02125,10.2,0.96,14,1037
176,Ruelle sans nom (segment 176),residential,94.97772270347852,8,9.0,7,1.12,19.1,1.02,0.02125,13.6,0.76,14,1037
177,Phố Viên,tertiary,210.20982829154252,12,12.333333333333334,9,1.03,25.0,1.07,0.08417,26.21,1.33,14,1037
178,Phố Viên,tertiary,68.69946031254011,12,12.0,2,1.0,24.0,1.08,0.08417,26.94,1.33,14,1037
179,Phố Nguyễn Đình Tứ,tertiary,63.38660034629479,12,12.0,0,1.0,24.0,1.08,0.08417,26.94,1.33,14,1037
180,Phố Nguyễn Đình Tứ,tertiary,103.23512150198273,12,12.0,0,1.0,24.0,1.08,0.08417,26.94,1.33,14,1037
181,Ngõ 467 Đường Phạm Văn Đồng,residential,228.66574096547566,8,12.0,3,1.5,30.0,0.87,0.02125,10.2,0.93,14,1037
182,Đường Phạm Văn Đồng,primary,132.27525231083987,20,12.0,0,0.6,19.2,1.36,0.18278,35.1,2.11,14,1037
183,Ngõ 562 Phố Trần Cung,residential,45.988437608202,8,12.0,0,1.5,30.0,0.87,0.02125,10.2,0.96,14,1037
184,Phố Trần Cung,secondary,167.88722640306173,16,12.0,0,0.75,21.0,1.24,0.13792,33.1,1.73,14,1037
185,Đường Trại Gà,tertiary,987.1938901617659,12,12.0,2,1.0,24.0,1.08,0.08417,26.94,1.21,14,1037
186,Cầu Trại Gà,tertiary,23.919896362883044,12,12.0,0,1.0,24.0,1.08,0.08417,26.94,1.34,14,1037
187,Phú Minh,residential,269.06830780855216,8,12.0,0,1.5,30.0,0.87,0.02125,10.2,0.93,14,1037
188,Tây Thăng Long,secondary,305.0258140860348,16,12.0,0,0.75,21.0,1.24,0.13792,33.1,1.71,14,1037
189,Ruelle sans nom (segment 189),secondary_link,12.651460984788834,10,12.0,0,1.2,26.4,0.99,0.01417,5.44,0.74,14,1037
190,Ruelle sans nom (segment 190),residential,647.7185984323607,8,12.0,0,1.5,30.0,0.87,0.02125,10.2,0.88,14,1037
191,Ruelle sans nom (segment 191),residential,74.52280489158456,8,12.0,0,1.5,30.0,0.87,0.02125,10.2,0.95,14,1037
192,Ruelle sans nom (segment 192),residential,114.98241213118065,8,12.0,0,1.5,30.0,0.87,0.02125,10.2,0.95,14,1037
193,Ruelle sans nom (segment 193),residential,68.11553920118973,8,12.0,0,1.5,30.0,0.87,0.02125,10.2,0.95,14,1037
194,Phố Văn Hội,residential,121.16660563366247,8,12.0,1,1.5,30.0,0.87,0.02125,10.2,0.95,14,1037
195,Phố Văn Hội,residential,80.3150336158674,8,12.0,0,1.5,30.0,0.87,0.02125,10.2,0.95,14,1037
196,Ruelle sans nom (segment 196),residential,166.14529181458448,8,12.0,1,1.5,30.0,0.87,0.02125,10.2,0.94,14,1037
197,Phố Văn Hội,residential,140.45615522556497,8,12.0,0,1.5,30.0,0.87,0.02125,10.2,0.94,14,1037
198,Ruelle sans nom (segment 198),residential,123.88555425264849,8,12.0,0,1.5,30.0,0.87,0.02125,10.2,0.95,14,1037
199,Ruelle sans nom (segment 199),tertiary,72.73930328616363,12,12.0,2,1.0,24.0,1.08,0.08417,26.94,1.33,14,1037
200,Ruelle sans nom (segment 200),residential,22.81087708005996,8,12.0,3,1.5,30.0,0.87,0.02125,10.2,0.96,14,1037
201,Phố Tân Phong,residential,75.10162851338434,8,12.0,0,1.5,30.0,0.87,0.02125,10.2,0.95,14,1037
202,Ruelle sans nom (segment 202),residential,40.85326349532268,8,12.0,0,1.5,30.0,0.87,0.02125,10.2,0.96,14,1037
203,Ruelle sans nom (segment 203),residential,151.4664753988137,8,12.0,0,1.5,30.0,0.87,0.02125,10.2,0.94,14,1037
204,Khu B Đại Học Mỏ,residential,18.24614197926742,8,12.0,1,1.5,30.0,0.87,0.02125,10.2,0.96,14,1037
205,Khu B Đại Học Mỏ,residential,165.36348649249996,8,12.0,0,1.5,30.0,0.87,0.02125,10.2,0.94,14,1037
206,Ruelle sans nom (segment 206),residential,21.800943343881965,8,12.0,0,1.5,30.0,0.87,0.02125,10.2,0.96,14,1037
207,Ngõ 85 Đường Tân Xuân,residential,112.27969943092529,8,12.0,0,1.5,30.0,0.87,0.02125,10.2,0.95,14,1037
208,Đường Phạm Văn Đồng,primary,17.20791184106962,20,12.0,0,0.6,19.2,1.36,0.18278,35.1,2.13,14,1037
209,Đường Cổ Nhuế,secondary,90.68853360831625,16,12.0,0,0.75,21.0,1.24,0.13792,33.1,1.74,14,1037
210,Đường Phạm Văn Đồng,primary,12.080223872354928,20,12.0,0,0.6,19.2,1.36,0.18278,35.1,2.13,14,1037
211,Phố Chế Lan Viên,residential,104.11410919555819,8,12.0,1,1.5,30.0,0.87,0.02125,10.2,0.95,14,1037
212,Đường Tân Xuân,secondary,3.952344586793749,16,12.0,0,0.75,21.0,1.24,0.13792,33.1,1.75,14,1037
213,Ruelle sans nom (segment 213),residential,46.05767555606948,8,12.0,0,1.5,30.0,0.87,0.02125,10.2,0.96,14,1037
214,Ruelle sans nom (segment 214),residential,57.65473881452825,8,12.0,0,1.5,30.0,0.87,0.02125,10.2,0.95,14,1037
215,Ruelle sans nom (segment 215),residential,198.61013339848637,8,12.0,0,1.5,30.0,0.87,0.02125,10.2,0.94,14,1037
216,Ruelle sans nom (segment 216),residential,31.916091936801138,8,12.0,0,1.5,30.0,0.87,0.02125,10.2,0.96,14,1037
217,Ngách 562/17 Phố Trần Cung,residential,197.8455566773526,8,12.0,0,1.5,30.0,0.87,0.02125,10.2,0.94,14,1037
218,Ruelle sans nom (segment 218),residential,24.212333265119593,8,12.0,0,1.5,30.0,0.87,0.02125,10.2,0.96,14,1037
219,Ruelle sans nom (segment 219),secondary_link,16.245932610872124,10,12.0,0,1.2,26.4,0.99,0.01417,5.44,0.74,14,1037
220,Phạm Văn Nghị,residential,508.0340953323431,8,12.0,0,1.5,30.0,0.87,0.02125,10.2,0.89,14,1037
221,Ruelle sans nom (segment 221),residential,70.33048410584124,8,43.5,2,5.44,280.0,0.34,0.02125,7.6,2.92,14,1037
222,Ngõ 153 Phố Tân Phong,residential,93.77334234000425,8,12.0,0,1.5,30.0,0.87,0.02125,10.2,0.95,14,1037
223,Ruelle sans nom (segment 223),residential,49.84416756083914,8,12.0,0,1.5,30.0,0.87,0.02125,10.2,0.96,14,1037
224,Ruelle sans nom (segment 224),residential,50.127404069789975,8,12.0,0,1.5,30.0,0.87,0.02125,10.2,0.96,14,1037
225,Phố Tân Phong,residential,37.64985047493582,8,12.0,0,1.5,30.0,0.87,0.02125,10.2,0.96,14,1037
226,Phố Tân Phong,residential,186.9278574677851,8,12.0,0,1.5,30.0,0.87,0.02125,10.2,0.94,14,1037
227,Ruelle sans nom (segment 227),residential,208.17595188491276,8,12.0,0,1.5,30.0,0.87,0.02125,10.2,0.93,14,1037
228,Ngõ 186 Tân Phong,residential,54.93965361018175,8,12.0,0,1.5,30.0,0.87,0.02125,10.2,0.96,14,1037
229,Phố Tân Phong,residential,47.75830975707268,8,12.0,0,1.5,30.0,0.87,0.02125,10.2,0.96,14,1037
230,Ngõ 186 Tân Phong,residential,16.822023197237545,8,12.0,0,1.5,30.0,0.87,0.02125,10.2,0.96,14,1037
231,Ngõ 149 Phố Tân Phong,residential,80.00885806570004,8,12.0,0,1.5,30.0,0.87,0.02125,10.2,0.95,14,1037
232,Ruelle sans nom (segment 232),residential,69.9575313405141,8,12.0,1,1.5,30.0,0.87,0.02125,10.2,0.95,14,1037
233,Ruelle sans nom (segment 233),residential,254.52691832124475,8,12.0,3,1.5,30.0,0.87,0.02125,10.2,0.93,14,1037
234,Đường Cầu Noi,tertiary,131.86639550550237,12,12.0,5,1.0,24.0,1.08,0.08417,26.94,1.32,14,1037
235,Phố Tân Phong,residential,157.92840152068266,8,12.0,0,1.5,30.0,0.87,0.02125,10.2,0.94,14,1037
236,Ruelle sans nom (segment 236),residential,218.3206542853425,8,12.0,0,1.5,30.0,0.87,0.02125,10.2,0.93,14,1037
237,Phố Tân Phong,residential,7.1736360405182475,8,12.0,0,1.5,30.0,0.87,0.02125,10.2,0.96,14,1037
238,Phố Tân Phong,residential,42.35668822068269,8,12.0,0,1.5,30.0,0.87,0.02125,10.2,0.96,14,1037
239,Ngõ 123 Phố Tân Phong,residential,50.075759920109384,8,12.0,0,1.5,30.0,0.87,0.02125,10.2,0.96,14,1037
240,Ruelle sans nom (segment 240),residential,44.424101636938104,8,12.0,0,1.5,30.0,0.87,0.02125,10.2,0.96,14,1037
241,Ngõ 123 Phố Tân Phong,residential,10.035142608770458,8,12.0,0,1.5,30.0,0.87,0.02125,10.2,0.96,14,1037
242,Ruelle sans nom (segment 242),residential,6.0601622498055185,8,12.0,0,1.5,30.0,0.87,0.02125,10.2,0.96,14,1037
243,Ngách 150/53 Phố Tân Phong,residential,103.52112906659238,8,12.0,1,1.5,30.0,0.87,0.02125,10.2,0.95,14,1037
244,Ruelle sans nom (segment 244),residential,21.980178663580134,8,12.0,0,1.5,30.0,0.87,0.02125,10.2,0.96,14,1037
245,Ruelle sans nom (segment 245),residential,68.17955504622925,8,12.0,0,1.5,30.0,0.87,0.02125,10.2,0.95,14,1037
246,Ruelle sans nom (segment 246),residential,68.07487898494811,8,12.0,0,1.5,30.0,0.87,0.02125,10.2,0.95,14,1037
247,Ngõ 126 Phố Tân Phong,residential,44.231420654157844,8,12.0,0,1.5,30.0,0.87,0.02125,10.2,0.96,14,1037
248,Phố Tân Phong,residential,57.027876565056914,8,12.0,0,1.5,30.0,0.87,0.02125,10.2,0.95,14,1037
249,Phố Tân Phong,residential,49.973996333882845,8,12.0,0,1.5,30.0,0.87,0.02125,10.2,0.96,14,1037
250,Ruelle sans nom (segment 250),residential,71.26854378382886,8,12.0,0,1.5,30.0,0.87,0.02125,10.2,0.95,14,1037
251,Ngõ 114 Phố Tân Phong,residential,27.348549659364377,8,12.0,0,1.5,30.0,0.87,0.02125,10.2,0.96,14,1037
252,Ngõ 114 Phố Tân Phong,residential,56.9900893958294,8,12.0,0,1.5,30.0,0.87,0.02125,10.2,0.95,14,1037
253,Ruelle sans nom (segment 253),residential,252.84517296099602,8,12.0,0,1.5,30.0,0.87,0.02125,10.2,0.93,14,1037
254,Ngõ 114 Phố Tân Phong,residential,123.18292732108043,8,12.0,0,1.5,30.0,0.87,0.02125,10.2,0.95,14,1037
255,Ruelle sans nom (segment 255),residential,189.76066167090266,8,12.0,1,1.5,30.0,0.87,0.02125,10.2,0.94,14,1037
256,Ruelle sans nom (segment 256),residential,17.921787451318938,8,12.0,0,1.5,30.0,0.87,0.02125,10.2,0.96,14,1037
257,Ruelle sans nom (segment 257),residential,83.61690007490814,8,12.0,0,1.5,30.0,0.87,0.02125,10.2,0.95,14,1037
258,Ruelle sans nom (segment 258),residential,130.22590513331852,8,12.0,0,1.5,30.0,0.87,0.02125,10.2,0.95,14,1037
259,Phố Tân Phong,residential,54.853716424622675,8,12.0,0,1.5,30.0,0.87,0.02125,10.2,0.96,14,1037
260,Ruelle sans nom (segment 260),residential,65.97998484472137,8,12.0,0,1.5,30.0,0.87,0.02125,10.2,0.95,14,1037
261,Ruelle sans nom (segment 261),residential,92.72051461591222,8,12.0,0,1.5,30.0,0.87,0.02125,10.2,0.95,14,1037
262,Ruelle sans nom (segment 262),residential,104.18770283103134,8,12.0,0,1.5,30.0,0.87,0.02125,10.2,0.95,14,1037
263,Đường Sông Nhuệ,residential,263.71127872746274,8,12.0,0,1.5,30.0,0.87,0.02125,10.2,0.93,14,1037
264,Ngõ 1 Văn Hội,residential,32.71388199470064,8,12.0,0,1.5,30.0,0.87,0.02125,10.2,0.96,14,1037
265,Ruelle sans nom (segment 265),residential,57.627382478443636,8,12.0,0,1.5,30.0,0.87,0.02125,10.2,0.95,14,1037
266,đường 21,residential,85.10617244534693,8,12.0,2,1.5,30.0,0.87,0.02125,10.2,0.95,14,1037
267,Phố Văn Hội,residential,52.6332071095951,8,12.0,0,1.5,30.0,0.87,0.02125,10.2,0.96,14,1037
268,Ngõ 46 Văn Hội,residential,33.56200028651561,8,12.0,0,1.5,30.0,0.87,0.02125,10.2,0.96,14,1037
269,Ngõ 46 Văn Hội,residential,5.449878523249547,8,12.0,0,1.5,30.0,0.87,0.02125,10.2,0.96,14,1037
270,Ngõ 46 Văn Hội,residential,83.11645130192171,8,12.0,0,1.5,30.0,0.87,0.02125,10.2,0.95,14,1037
271,Ngõ 46 Văn Hội,residential,35.11224153174281,8,12.0,0,1.5,30.0,0.87,0.02125,10.2,0.96,14,1037
272,Ruelle sans nom (segment 272),residential,40.79150367687673,8,12.0,0,1.5,30.0,0.87,0.02125,10.2,0.96,14,1037
273,Ruelle sans nom (segment 273),residential,137.61515282594632,8,12.0,0,1.5,30.0,0.87,0.02125,10.2,0.94,14,1037
274,Ngõ 46 Văn Hội,residential,128.76418126672388,8,12.0,0,1.5,30.0,0.87,0.02125,10.2,0.95,14,1037
275,Ngõ 31 Văn Hội,residential,122.0205847678202,8,12.0,0,1.5,30.0,0.87,0.02125,10.2,0.95,14,1037
276,Ruelle sans nom (segment 276),residential,74.28524644485145,8,12.0,0,1.5,30.0,0.87,0.02125,10.2,0.95,14,1037
277,Ruelle sans nom (segment 277),residential,197.32540712474292,8,12.0,1,1.5,30.0,0.87,0.02125,10.2,0.94,14,1037
278,Ruelle sans nom (segment 278),residential,37.373160686044194,8,12.0,0,1.5,30.0,0.87,0.02125,10.2,0.96,14,1037
279,Phố Văn Hội,residential,41.50199615481324,8,12.0,0,1.5,30.0,0.87,0.02125,10.2,0.96,14,1037
280,Ngách 27 Ngõ 176,residential,88.79254010572218,8,12.0,0,1.5,30.0,0.87,0.02125,10.2,0.95,14,1037
281,Ruelle sans nom (segment 281),residential,49.92343197805787,8,12.0,2,1.5,30.0,0.87,0.02125,10.2,0.96,14,1037
282,Ngõ 113 Phố Văn Hội,residential,34.850441941098055,8,12.0,0,1.5,30.0,0.87,0.02125,10.2,0.96,14,1037
283,Phố Văn Hội,residential,133.32709294612943,8,12.0,0,1.5,30.0,0.87,0.02125,10.2,0.94,14,1037
284,Ngõ 429 Đường Hoàng Tăng Bí,residential,57.89845640781529,8,12.0,2,1.5,30.0,0.87,0.02125,10.2,0.95,14,1037
285,Phố Văn Hội,residential,27.35587486411028,8,12.0,0,1.5,30.0,0.87,0.02125,10.2,0.96,14,1037
286,Ruelle sans nom (segment 286),residential,22.355852999456907,8,12.0,0,1.5,30.0,0.87,0.02125,10.2,0.96,14,1037
287,Ruelle sans nom (segment 287),residential,111.08317617009246,8,12.0,0,1.5,30.0,0.87,0.02125,10.2,0.95,14,1037
288,Đường Bờ tây sông Nhuệ,tertiary,843.2058164078494,12,12.0,1,1.0,24.0,1.08,0.08417,26.94,1.23,14,1037
289,Ruelle sans nom (segment 289),residential,62.97533091465003,8,12.0,0,1.5,30.0,0.87,0.02125,10.2,0.95,14,1037
290,Ruelle sans nom (segment 290),residential,188.2022762988737,8,12.0,0,1.5,30.0,0.87,0.02125,10.2,0.94,14,1037
291,Phố Tân Phong,residential,125.55300033770358,8,12.0,0,1.5,30.0,0.87,0.02125,10.2,0.95,14,1037
292,Ruelle sans nom (segment 292),unclassified,12.740395930648814,8,12.0,1,1.5,30.0,0.87,0.02125,10.2,0.96,14,1037
293,Ngõ 20 Phố Lê Văn Hiến,residential,62.23397281403794,8,12.0,0,1.5,30.0,0.87,0.02125,10.2,0.95,14,1037
294,Đường Lê Văn Hiến,tertiary,59.7975552848513,12,12.0,35,1.0,24.0,1.08,0.08417,26.94,1.33,14,1037
295,Ngõ 20 Phố Lê Văn Hiến,residential,58.551015469144886,8,12.0,18,1.5,30.0,0.87,0.02125,10.2,0.95,14,1037
296,Ruelle sans nom (segment 296),residential,114.05237296735186,8,12.0,18,1.5,30.0,0.87,0.02125,10.2,0.95,14,1037
297,đường 15,residential,92.66349695321269,8,12.0,1,1.5,30.0,0.87,0.02125,10.2,0.95,14,1037
298,đường 15,residential,28.3976807780616,8,12.0,1,1.5,30.0,0.87,0.02125,10.2,0.96,14,1037
299,đường 16,residential,69.82015319539602,8,12.0,2,1.5,30.0,0.87,0.02125,10.2,0.95,14,1037
300,đường 17,residential,27.82637535024227,8,12.0,0,1.5,30.0,0.87,0.02125,10.2,0.96,14,1037
301,đường 18,residential,20.72061497068678,8,12.0,1,1.5,30.0,0.87,0.02125,10.2,0.96,14,1037
302,đường 18,residential,35.82268914585283,8,12.0,0,1.5,30.0,0.87,0.02125,10.2,0.96,14,1037
303,Ngõ 1 Văn Hội,residential,11.963431432065047,8,12.0,0,1.5,30.0,0.87,0.02125,10.2,0.96,14,1037
304,Ruelle sans nom (segment 304),residential,80.74386908301005,8,12.0,0,1.5,30.0,0.87,0.02125,10.2,0.95,14,1037
305,Ruelle sans nom (segment 305),residential,48.42042844108194,8,12.0,0,1.5,30.0,0.87,0.02125,10.2,0.96,14,1037
306,Ruelle sans nom (segment 306),residential,58.358250383251416,8,12.0,0,1.5,30.0,0.87,0.02125,10.2,0.95,14,1037
307,Ruelle sans nom (segment 307),residential,72.4787269048443,8,12.0,0,1.5,30.0,0.87,0.02125,10.2,0.95,14,1037
308,Đường Tân Xuân,secondary,90.15776793437183,16,12.0,0,0.75,21.0,1.24,0.13792,33.1,1.74,14,1037
309,Phố Viên,residential,395.69806173151744,8,12.0,0,1.5,30.0,0.87,0.02125,10.2,0.91,14,1037
310,Khu B Đại Học Mỏ,residential,200.76890624434634,8,12.0,5,1.5,30.0,0.87,0.02125,10.2,0.94,14,1037
311,Ruelle sans nom (segment 311),residential,144.37988962054894,8,12.0,1,1.5,30.0,0.87,0.02125,10.2,0.94,14,1037
312,Ruelle sans nom (segment 312),residential,50.82509649510591,8,12.0,1,1.5,30.0,0.87,0.02125,10.2,0.96,14,1037
313,Khu B Đại Học Mỏ,residential,401.8048919586455,8,12.0,5,1.5,30.0,0.87,0.02125,10.2,0.91,14,1037
314,Ruelle sans nom (segment 314),residential,50.18918212589661,8,12.0,0,1.5,30.0,0.87,0.02125,10.2,0.96,14,1037
315,Ruelle sans nom (segment 315),residential,47.66677270192773,8,12.0,0,1.5,30.0,0.87,0.02125,10.2,0.96,14,1037
316,Phố Viên,tertiary,30.323682300569807,12,12.0,0,1.0,24.0,1.08,0.08417,26.94,1.34,14,1037
317,Phố Viên,tertiary,74.19369824276245,12,12.0,0,1.0,24.0,1.08,0.08417,26.94,1.33,14,1037
318,Ruelle sans nom (segment 318),residential,59.402849743602864,8,12.0,0,1.5,30.0,0.87,0.02125,10.2,0.95,14,1037
319,Ruelle sans nom (segment 319),residential,73.54602185297576,8,12.0,0,1.5,30.0,0.87,0.02125,10.2,0.95,14,1037
320,Phố Viên,tertiary,252.7246054411203,12,12.0,0,1.0,24.0,1.08,0.08417,26.94,1.31,14,1037
321,Ruelle sans nom (segment 321),residential,50.765417269028454,8,12.0,0,1.5,30.0,0.87,0.02125,10.2,0.96,14,1037
322,Ruelle sans nom (segment 322),residential,50.08938679168548,8,12.0,0,1.5,30.0,0.87,0.02125,10.2,0.96,14,1037
323,Ruelle sans nom (segment 323),residential,61.10223745020211,8,12.0,0,1.5,30.0,0.87,0.02125,10.2,0.95,14,1037
324,Ruelle sans nom (segment 324),residential,52.16942443797565,8,12.0,0,1.5,30.0,0.87,0.02125,10.2,0.96,14,1037
325,Ruelle sans nom (segment 325),residential,182.7288280160568,8,12.0,0,1.5,30.0,0.87,0.02125,10.2,0.94,14,1037
326,Ruelle sans nom (segment 326),residential,47.549514320780574,8,12.0,0,1.5,30.0,0.87,0.02125,10.2,0.96,14,1037
327,Ruelle sans nom (segment 327),residential,91.34900753735009,8,12.0,0,1.5,30.0,0.87,0.02125,10.2,0.95,14,1037
328,Ruelle sans nom (segment 328),residential,165.42537623926233,8,12.0,0,1.5,30.0,0.87,0.02125,10.2,0.94,14,1037
329,Ngõ 523 Đường Cổ Nhuế,residential,1.7179711547282948,8,45.0,1,5.62,298.1,0.33,0.02125,7.82,3.02,14,1037
330,Đường Phạm Văn Nghị,residential,50.066378573586704,8,12.0,2,1.5,30.0,0.87,0.02125,10.2,0.96,14,1037
331,Ruelle sans nom (segment 331),residential,11.362488073701932,8,12.0,2,1.5,30.0,0.87,0.02125,10.2,0.96,14,1037
332,Ruelle sans nom (segment 332),residential,68.90072591420419,8,12.0,0,1.5,30.0,0.87,0.02125,10.2,0.95,14,1037
333,ngõ 288 đường Phú Diễn,residential,44.41265757276359,8,12.0,0,1.5,30.0,0.87,0.02125,10.2,0.96,14,1037
334,ngõ 288 đường Phú Diễn,residential,197.0375065719168,8,12.0,0,1.5,30.0,0.87,0.02125,10.2,0.94,14,1037
335,Ruelle sans nom (segment 335),residential,82.49159811698661,8,12.0,0,1.5,30.0,0.87,0.02125,10.2,0.95,14,1037
336,ngõ 288 đường Phú Diễn,residential,77.45113805008491,8,12.0,0,1.5,30.0,0.87,0.02125,10.2,0.95,14,1037
337,Đường Phú Diễn,tertiary,133.08233905115625,12,12.0,0,1.0,24.0,1.08,0.08417,26.94,1.32,14,1037
338,Ruelle sans nom (segment 338),residential,64.0003049060517,8,12.0,0,1.5,30.0,0.87,0.02125,10.2,0.95,14,1037
339,Ruelle sans nom (segment 339),residential,64.6846715781549,8,12.0,0,1.5,30.0,0.87,0.02125,10.2,0.95,14,1037
340,Ngõ 309 Đường Phú Diễn,residential,50.313494072636985,8,12.0,0,1.5,30.0,0.87,0.02125,10.2,0.96,14,1037
341,Đường Phú Diễn,tertiary,30.0907238350062,12,12.0,0,1.0,24.0,1.08,0.08417,26.94,1.34,14,1037
342,Ruelle sans nom (segment 342),residential,23.402481886236924,8,12.0,0,1.5,30.0,0.87,0.02125,10.2,0.96,14,1037
343,Ruelle sans nom (segment 343),residential,5.50929071498382,8,12.0,0,1.5,30.0,0.87,0.02125,10.2,0.96,14,1037
344,Ruelle sans nom (segment 344),residential,61.96457657353702,8,12.0,0,1.5,30.0,0.87,0.02125,10.2,0.95,14,1037
345,Ruelle sans nom (segment 345),residential,62.72707016906302,8,12.0,0,1.5,30.0,0.87,0.02125,10.2,0.95,14,1037
346,Ruelle sans nom (segment 346),residential,73.79073944777215,8,12.0,0,1.5,30.0,0.87,0.02125,10.2,0.95,14,1037
347,Ruelle sans nom (segment 347),residential,223.00325316669378,8,12.0,0,1.5,30.0,0.87,0.02125,10.2,0.93,14,1037
348,Ruelle sans nom (segment 348),residential,133.23877208087745,8,12.0,0,1.5,30.0,0.87,0.02125,10.2,0.94,14,1037
349,Ruelle sans nom (segment 349),residential,48.75589413957861,8,12.0,0,1.5,30.0,0.87,0.02125,10.2,0.96,14,1037
350,Ruelle sans nom (segment 350),residential,52.35457276385612,8,12.0,0,1.5,30.0,0.87,0.02125,10.2,0.96,14,1037
351,Ruelle sans nom (segment 351),residential,11.449965882540928,8,12.0,0,1.5,30.0,0.87,0.02125,10.2,0.96,14,1037
352,Ruelle sans nom (segment 352),residential,192.07982790291337,8,12.0,0,1.5,30.0,0.87,0.02125,10.2,0.94,14,1037
353,Ngõ 1 Văn Hội,residential,18.59222485296444,8,12.0,1,1.5,30.0,0.87,0.02125,10.2,0.96,14,1037
354,Ngách 56/16 Phố Lê Văn Hiến,residential,34.009985733321656,8,12.0,8,1.5,30.0,0.87,0.02125,10.2,0.96,14,1037
355,Ruelle sans nom (segment 355),residential,82.74173032715728,8,12.0,0,1.5,30.0,0.87,0.02125,10.2,0.95,14,1037
356,Ruelle sans nom (segment 356),residential,46.395797728470924,8,12.0,0,1.5,30.0,0.87,0.02125,10.2,0.96,14,1037
357,Ngõ 186 Tân Phong,residential,43.876309356766676,8,12.0,0,1.5,30.0,0.87,0.02125,10.2,0.96,14,1037
358,Ngõ 186 Tân Phong,residential,45.48744158073635,8,12.0,0,1.5,30.0,0.87,0.02125,10.2,0.96,14,1037
359,Ruelle sans nom (segment 359),residential,25.751467163364776,8,12.0,0,1.5,30.0,0.87,0.02125,10.2,0.96,14,1037
360,Ruelle sans nom (segment 360),residential,88.46426436858431,8,12.0,0,1.5,30.0,0.87,0.02125,10.2,0.95,14,1037
361,Ruelle sans nom (segment 361),residential,37.48200040209037,8,10.0,3,1.25,22.5,0.96,0.02125,12.24,0.83,14,1037
362,Ruelle sans nom (segment 362),residential,37.9963079477786,8,10.5,2,1.31,24.3,0.94,0.02125,11.66,0.86,14,1037
363,Ruelle sans nom (segment 363),residential,42.44082797249835,8,9.375,8,1.17,20.4,1.0,0.02125,13.06,0.79,14,1037
364,Ruelle sans nom (segment 364),residential,41.516749224242844,8,9.0,1,1.12,19.1,1.02,0.02125,13.6,0.77,14,1037
365,Ruelle sans nom (segment 365),residential,52.73412772032259,8,12.0,0,1.5,30.0,0.87,0.02125,10.2,0.96,14,1037
366,Ruelle sans nom (segment 366),residential,36.93779680796947,8,12.0,0,1.5,30.0,0.87,0.02125,10.2,0.96,14,1037
367,Ruelle sans nom (segment 367),residential,25.304041953154886,8,12.0,0,1.5,30.0,0.87,0.02125,10.2,0.96,14,1037
368,Ngõ 521 Đường Cổ Nhuế,residential,34.81684633717445,8,12.0,0,1.5,30.0,0.87,0.02125,10.2,0.96,14,1037
369,Ngõ 521 Đường Cổ Nhuế,residential,65.15650346843994,8,10.0,3,1.25,22.5,0.96,0.02125,12.24,0.83,14,1037
370,Ruelle sans nom (segment 370),residential,36.51638734882728,8,12.0,0,1.5,30.0,0.87,0.02125,10.2,0.96,14,1037
371,Ruelle sans nom (segment 371),residential,73.13355175321873,8,12.0,0,1.5,30.0,0.87,0.02125,10.2,0.95,14,1037
372,Ruelle sans nom (segment 372),residential,29.90514643548145,8,12.0,0,1.5,30.0,0.87,0.02125,10.2,0.96,14,1037
373,Ruelle sans nom (segment 373),residential,14.13398446499892,8,12.0,0,1.5,30.0,0.87,0.02125,10.2,0.96,14,1037
374,Ruelle sans nom (segment 374),residential,56.46177235467579,8,12.0,0,1.5,30.0,0.87,0.02125,10.2,0.95,14,1037
375,Ngõ 521 Đường Cổ Nhuế,residential,13.684214059078124,8,12.0,0,1.5,30.0,0.87,0.02125,10.2,0.96,14,1037
376,Ruelle sans nom (segment 376),residential,63.131346624061564,8,12.0,0,1.5,30.0,0.87,0.02125,10.2,0.95,14,1037
377,Ngõ 521 Đường Cổ Nhuế,residential,19.8278954942048,8,12.0,0,1.5,30.0,0.87,0.02125,10.2,0.96,14,1037
378,Ruelle sans nom (segment 378),residential,19.495757826407765,8,12.0,0,1.5,30.0,0.87,0.02125,10.2,0.96,14,1037
379,Ruelle sans nom (segment 379),residential,37.97715071487337,8,45.0,1,5.62,298.1,0.33,0.02125,7.82,3.02,14,1037
380,Ruelle sans nom (segment 380),residential,37.18418798718245,8,12.0,0,1.5,30.0,0.87,0.02125,10.2,0.96,14,1037
381,Ruelle sans nom (segment 381),residential,26.34951506073747,8,12.0,0,1.5,30.0,0.87,0.02125,10.2,0.96,14,1037
382,Ruelle sans nom (segment 382),residential,92.66526509780746,8,45.0,1,5.62,298.1,0.33,0.02125,7.82,3.01,14,1037
383,Ruelle sans nom (segment 383),residential,50.44987188820144,8,45.0,1,5.62,298.1,0.33,0.02125,7.82,3.02,14,1037
384,Ngõ 521 Đường Cổ Nhuế,residential,99.19313876575958,8,15.666666666666666,9,1.96,46.3,0.73,0.02125,7.81,1.18,14,1037
385,Ngõ 521 Đường Cổ Nhuế,residential,32.82015901438875,8,9.6,5,1.2,21.1,0.99,0.02125,12.75,0.81,14,1037
386,đường ăn phở,unclassified,8.470865198108449,8,10.2,5,1.27,23.2,0.95,0.02125,12.0,0.85,14,1037
387,Ruelle sans nom (segment 387),residential,38.69381167088537,8,7.5,2,0.94,14.5,1.12,0.02125,16.32,0.68,14,1037
388,Ruelle sans nom (segment 388),residential,73.77116010992218,8,7.5,2,0.94,14.5,1.12,0.02125,16.32,0.67,14,1037
389,Ruelle sans nom (segment 389),residential,62.418100381641544,8,43.5,2,5.44,280.0,0.34,0.02125,7.6,2.92,14,1037
390,Ruelle sans nom (segment 390),residential,252.92100985304143,8,44.25,8,5.53,289.0,0.33,0.02125,7.71,2.94,14,1037
391,Ngõ 562 Phố Trần Cung,residential,193.66507570202717,8,12.0,0,1.5,30.0,0.87,0.02125,10.2,0.94,14,1037
392,Ruelle sans nom (segment 392),residential,57.16961972878774,8,12.0,3,1.5,30.0,0.87,0.02125,10.2,0.95,14,1037
393,Ruelle sans nom (segment 393),residential,53.66541822466285,8,12.0,2,1.5,30.0,0.87,0.02125,10.2,0.96,14,1037
394,Ngõ 87 Đường Tân Xuân,residential,231.30333820779555,8,12.0,0,1.5,30.0,0.87,0.02125,10.2,0.93,14,1037
395,Phố Văn Hội,residential,176.5743560457763,8,12.0,1,1.5,30.0,0.87,0.02125,10.2,0.94,14,1037
396,Đường Phạm Văn Đồng,primary,419.2663670382057,20,12.0,0,0.6,19.2,1.36,0.18278,35.1,2.07,14,1037
397,Đường Phạm Văn Đồng,primary,131.4138632896984,20,12.0,0,0.6,19.2,1.36,0.18278,35.1,2.11,14,1037
398,Phố Viên,tertiary,113.21453325446674,12,12.0,2,1.0,24.0,1.08,0.08417,26.94,1.33,14,1037
399,Phố Viên,tertiary,67.28605789782716,12,12.0,12,1.0,24.0,1.08,0.08417,26.94,1.33,14,1037
400,đường 17,residential,35.60560022176205,8,12.0,1,1.5,30.0,0.87,0.02125,10.2,0.96,14,1037
401,Ruelle sans nom (segment 401),residential,35.25742595443026,8,12.0,0,1.5,30.0,0.87,0.02125,10.2,0.96,14,1037
402,Ruelle sans nom (segment 402),residential,14.645576070925964,8,12.0,0,1.5,30.0,0.87,0.02125,10.2,0.96,14,1037
403,Phố Tân Phong,residential,171.40035952632095,8,12.0,0,1.5,30.0,0.87,0.02125,10.2,0.94,14,1037
404,Phố Viên,tertiary,663.7066027548221,12,12.0,4,1.0,24.0,1.08,0.08417,26.94,1.25,14,1037
405,Ruelle sans nom (segment 405),residential,56.82685467711838,8,12.0,0,1.5,30.0,0.87,0.02125,10.2,0.95,14,1037
406,Ruelle sans nom (segment 406),residential,90.72233313569609,8,12.0,2,1.5,30.0,0.87,0.02125,10.2,0.95,14,1037
407,Ruelle sans nom (segment 407),residential,33.52939020607326,8,12.0,0,1.5,30.0,0.87,0.02125,10.2,0.96,14,1037
408,Ruelle sans nom (segment 408),residential,213.57962515755648,8,12.0,0,1.5,30.0,0.87,0.02125,10.2,0.93,14,1037
409,Ngõ 309 Đường Phú Diễn,residential,426.09057336912474,8,12.0,0,1.5,30.0,0.87,0.02125,10.2,0.91,14,1037
410,Ruelle sans nom (segment 410),residential,32.05750007239611,8,12.0,0,1.5,30.0,0.87,0.02125,10.2,0.96,14,1037
411,Ruelle sans nom (segment 411),residential,17.820549710821744,8,12.0,0,1.5,30.0,0.87,0.02125,10.2,0.96,14,1037
412,Ruelle sans nom (segment 412),residential,53.21328405743171,8,12.0,0,1.5,30.0,0.87,0.02125,10.2,0.96,14,1037
413,Ruelle sans nom (segment 413),residential,50.03843090812512,8,12.0,0,1.5,30.0,0.87,0.02125,10.2,0.96,14,1037
414,Ruelle sans nom (segment 414),residential,138.927882057751,8,12.0,0,1.5,30.0,0.87,0.02125,10.2,0.94,14,1037
415,Ruelle sans nom (segment 415),residential,104.84865240224262,8,12.0,0,1.5,30.0,0.87,0.02125,10.2,0.95,14,1037
416,Ruelle sans nom (segment 416),residential,41.96872379325446,8,12.0,0,1.5,30.0,0.87,0.02125,10.2,0.96,14,1037
417,Ruelle sans nom (segment 417),residential,92.7582927985245,8,12.0,0,1.5,30.0,0.87,0.02125,10.2,0.95,14,1037
418,Ruelle sans nom (segment 418),residential,75.41536104981681,8,12.0,0,1.5,30.0,0.87,0.02125,10.2,0.95,14,1037
419,Ruelle sans nom (segment 419),unclassified,31.192133255125068,8,12.0,7,1.5,30.0,0.87,0.02125,10.2,0.96,14,1037
420,Phố Viên,tertiary,107.15090956387739,12,12.0,13,1.0,24.0,1.08,0.08417,26.94,1.33,14,1037
421,Ruelle sans nom (segment 421),unclassified,53.672226666163446,8,12.0,2,1.5,30.0,0.87,0.02125,10.2,0.96,14,1037
422,Ruelle sans nom (segment 422),residential,15.833272105666067,8,12.0,0,1.5,30.0,0.87,0.02125,10.2,0.96,14,1037
423,Ruelle sans nom (segment 423),residential,37.58483007858379,8,81.0,1,10.12,901.1,0.2,0.02125,13.13,5.27,14,1037
424,Ruelle sans nom (segment 424),residential,9.866744177085783,8,12.0,0,1.5,30.0,0.87,0.02125,10.2,0.96,14,1037
425,Ruelle sans nom (segment 425),residential,192.90360783431237,8,75.0,3,9.38,778.1,0.21,0.02125,12.25,4.87,14,1037
426,Ruelle sans nom (segment 426),residential,33.5894697157519,8,12.0,0,1.5,30.0,0.87,0.02125,10.2,0.96,14,1037
427,Phố Nguyễn Đình Tứ,tertiary,293.7767685772242,12,12.0,0,1.0,24.0,1.08,0.08417,26.94,1.3,14,1037
428,Ruelle sans nom (segment 428),residential,96.08739841700861,8,12.0,0,1.5,30.0,0.87,0.02125,10.2,0.95,14,1037
429,Ruelle sans nom (segment 429),residential,139.44318892366996,8,12.0,0,1.5,30.0,0.87,0.02125,10.2,0.94,14,1037
430,Ruelle sans nom (segment 430),residential,72.54676973454463,8,12.0,1,1.5,30.0,0.87,0.02125,10.2,0.95,14,1037
431,Đường Phạm Văn Đồng,primary,57.66834907305417,20,12.0,0,0.6,19.2,1.36,0.18278,35.1,2.12,14,1037
432,Ruelle sans nom (segment 432),residential,93.4720454078194,8,12.0,0,1.5,30.0,0.87,0.02125,10.2,0.95,14,1037
433,Ruelle sans nom (segment 433),residential,84.74225486349825,8,12.0,0,1.5,30.0,0.87,0.02125,10.2,0.95,14,1037
434,Ruelle sans nom (segment 434),residential,53.86799916595806,8,12.0,0,1.5,30.0,0.87,0.02125,10.2,0.96,14,1037
435,Ruelle sans nom (segment 435),residential,54.73687190260824,8,12.0,0,1.5,30.0,0.87,0.02125,10.2,0.96,14,1037
436,Ruelle sans nom (segment 436),residential,40.567483726793945,8,12.0,0,1.5,30.0,0.87,0.02125,10.2,0.96,14,1037
437,Ruelle sans nom (segment 437),residential,40.20736354599747,8,12.0,0,1.5,30.0,0.87,0.02125,10.2,0.96,14,1037
438,Ruelle sans nom (segment 438),residential,162.07247327038522,8,12.0,0,1.5,30.0,0.87,0.02125,10.2,0.94,14,1037
439,Ruelle sans nom (segment 439),residential,111.39108216922861,8,12.0,0,1.5,30.0,0.87,0.02125,10.2,0.95,14,1037
440,Ruelle sans nom (segment 440),residential,77.30246116455736,8,12.0,0,1.5,30.0,0.87,0.02125,10.2,0.95,14,1037
441,Ruelle sans nom (segment 441),residential,7.4201982258736745,8,12.0,0,1.5,30.0,0.87,0.02125,10.2,0.96,14,1037
442,Ruelle sans nom (segment 442),residential,7.989627635612139,8,12.0,0,1.5,30.0,0.87,0.02125,10.2,0.96,14,1037
443,Ngõ 22 Đường Đức Thắng,residential,9.229664359998761,8,12.0,0,1.5,30.0,0.87,0.02125,10.2,0.96,14,1037
444,Ruelle sans nom (segment 444),residential,30.80110356296112,8,12.0,0,1.5,30.0,0.87,0.02125,10.2,0.96,14,1037
445,Ngõ 309 Đường Phú Diễn,residential,50.59438329326416,8,12.0,0,1.5,30.0,0.87,0.02125,10.2,0.96,14,1037
446,Ngách 309/39 Đường Phú Diễn,residential,70.20586558115964,8,12.0,0,1.5,30.0,0.87,0.02125,10.2,0.95,14,1037
447,Đường Phạm Văn Đồng,primary,19.199863480954132,20,12.0,0,0.6,19.2,1.36,0.18278,35.1,2.13,14,1037
448,Đường Phạm Văn Đồng,primary,135.5276618623789,20,12.0,0,0.6,19.2,1.36,0.18278,35.1,2.11,14,1037
449,Ruelle sans nom (segment 449),residential,36.31398699785403,8,12.0,0,1.5,30.0,0.87,0.02125,10.2,0.96,14,1037
450,Đường Sông Nhuệ,residential,118.0616870393659,8,11.4375,16,1.43,27.8,0.89,0.02125,10.7,0.91,14,1037
451,Đường Phạm Văn Đồng,primary,9.065437158213497,20,12.0,0,0.6,19.2,1.36,0.18278,35.1,2.13,14,1037
452,Ruelle sans nom (segment 452),residential,40.36441103156459,8,12.0,0,1.5,30.0,0.87,0.02125,10.2,0.96,14,1037
453,Ruelle sans nom (segment 453),primary_link,25.80023941110768,10,12.0,0,1.2,26.4,0.99,0.01417,5.44,0.74,14,1037
454,Đường Phạm Văn Đồng,primary,159.1271914547189,20,12.0,0,0.6,19.2,1.36,0.18278,35.1,2.11,14,1037
455,Đường Phạm Văn Đồng,primary,271.98664825354155,20,12.0,0,0.6,19.2,1.36,0.18278,35.1,2.09,14,1037
456,Ngõ 523 Đường Cổ Nhuế,residential,87.85317387544325,8,28.5,2,3.56,130.0,0.48,0.02125,5.39,1.98,14,1037
457,Ruelle sans nom (segment 457),residential,18.098294430528664,8,12.0,0,1.5,30.0,0.87,0.02125,10.2,0.96,14,1037
458,Đường Hoàng Tăng Bí,tertiary,17.615236729507778,12,12.0,0,1.0,24.0,1.08,0.08417,26.94,1.34,14,1037
459,Ruelle sans nom (segment 459),tertiary,1285.4274823115632,12,12.0,0,1.0,24.0,1.08,0.08417,26.94,1.17,14,1037
460,Phố Nguyễn Đình Tứ,tertiary,8.90269530068524,12,12.0,0,1.0,24.0,1.08,0.08417,26.94,1.34,14,1037
461,Ruelle sans nom (segment 461),tertiary,1278.4831084890588,12,12.0,0,1.0,24.0,1.08,0.08417,26.94,1.17,14,1037
462,Ruelle sans nom (segment 462),residential,136.93698136539658,8,12.0,0,1.5,30.0,0.87,0.02125,10.2,0.94,14,1037
463,Ruelle sans nom (segment 463),residential,21.105312880496967,8,12.0,0,1.5,30.0,0.87,0.02125,10.2,0.96,14,1037
464,Ruelle sans nom (segment 464),residential,204.89808142084246,8,12.0,16,1.5,30.0,0.87,0.02125,10.2,0.94,14,1037
465,Tây Thăng Long,secondary,115.38938044121397,16,12.0,0,0.75,21.0,1.24,0.13792,33.1,1.74,14,1037
466,Ruelle sans nom (segment 466),residential,76.99615671491831,8,12.0,0,1.5,30.0,0.87,0.02125,10.2,0.95,14,1037
467,Ruelle sans nom (segment 467),residential,24.624233209901174,8,75.0,1,9.38,778.1,0.21,0.02125,12.25,4.9,14,1037
468,Tây Thăng Long,secondary,510.005074536017,16,12.0,0,0.75,21.0,1.24,0.13792,33.1,1.69,14,1037
469,Đường Tây Thăng Long,secondary,17.67919953449278,16,12.0,0,0.75,21.0,1.24,0.13792,33.1,1.75,14,1037
470,Tây Thăng Long,secondary,150.07879850602046,16,12.0,0,0.75,21.0,1.24,0.13792,33.1,1.73,14,1037
471,Đường Phạm Văn Đồng,primary,119.98396576198738,20,12.0,0,0.6,19.2,1.36,0.18278,35.1,2.11,14,1037
472,Đường Phạm Văn Đồng,primary,734.2170774308352,20,12.0,0,0.6,19.2,1.36,0.18278,35.1,2.03,14,1037
473,Đường Phạm Văn Đồng,primary,171.5628189734861,20,12.0,1,0.6,19.2,1.36,0.18278,35.1,2.1,14,1037
474,Đường Phạm Văn Đồng,primary,124.79358656340492,20,12.0,0,0.6,19.2,1.36,0.18278,35.1,2.11,14,1037
475,Tây Thăng Long,secondary,62.086171575946814,16,12.0,0,0.75,21.0,1.24,0.13792,33.1,1.75,14,1037
476,Ruelle sans nom (segment 476),secondary_link,11.519790292544386,10,12.0,0,1.2,26.4,0.99,0.01417,5.44,0.74,14,1037
477,Ngõ 22 Đường Đức Thắng,residential,15.759220643439887,8,12.0,9,1.5,30.0,0.87,0.02125,10.2,0.96,14,1037
478,Ngõ 22 Đường Đức Thắng,residential,29.633340494916162,8,12.0,0,1.5,30.0,0.87,0.02125,10.2,0.96,14,1037
479,Ruelle sans nom (segment 479),residential,4.619051981466346,8,78.0,2,9.75,838.5,0.2,0.02125,12.69,5.09,14,1037
480,Tây Thăng Long,secondary,242.9551988966142,16,12.0,0,0.75,21.0,1.24,0.13792,33.1,1.72,14,1037
481,Ruelle sans nom (segment 481),residential,18.029265340689214,8,12.0,1,1.5,30.0,0.87,0.02125,10.2,0.96,14,1037
482,Ruelle sans nom (segment 482),residential,49.855797521552134,8,12.0,1,1.5,30.0,0.87,0.02125,10.2,0.96,14,1037
483,Ruelle sans nom (segment 483),residential,312.94664766692546,8,12.0,0,1.5,30.0,0.87,0.02125,10.2,0.92,14,1037
484,Đường Tây Thăng Long,secondary,695.5209182999835,16,12.0,0,0.75,21.0,1.24,0.13792,33.1,1.66,14,1037
485,Ruelle sans nom (segment 485),residential,192.8458119491695,8,76.5,4,9.56,808.0,0.21,0.02125,12.47,4.97,14,1037
486,Ruelle sans nom (segment 486),residential,94.35184153198131,8,12.0,0,1.5,30.0,0.87,0.02125,10.2,0.95,14,1037
487,Ruelle sans nom (segment 487),residential,91.71093749633285,8,12.0,0,1.5,30.0,0.87,0.02125,10.2,0.95,14,1037
488,Ruelle sans nom (segment 488),residential,135.38443577715526,8,12.0,0,1.5,30.0,0.87,0.02125,10.2,0.94,14,1037
489,Ruelle sans nom (segment 489),residential,93.75992988836292,8,12.0,0,1.5,30.0,0.87,0.02125,10.2,0.95,14,1037
490,Ruelle sans nom (segment 490),residential,55.46272892831694,8,12.0,0,1.5,30.0,0.87,0.02125,10.2,0.96,14,1037
491,Ruelle sans nom (segment 491),residential,49.53049557763174,8,12.0,0,1.5,30.0,0.87,0.02125,10.2,0.96,14,1037
492,Ruelle sans nom (segment 492),residential,53.30905458852745,8,12.0,0,1.5,30.0,0.87,0.02125,10.2,0.96,14,1037
493,Ruelle sans nom (segment 493),residential,93.8049176150642,8,12.0,0,1.5,30.0,0.87,0.02125,10.2,0.95,14,1037
494,Ruelle sans nom (segment 494),residential,83.98423649882511,8,12.0,0,1.5,30.0,0.87,0.02125,10.2,0.95,14,1037
495,Ruelle sans nom (segment 495),residential,54.83464597813396,8,12.0,0,1.5,30.0,0.87,0.02125,10.2,0.96,14,1037
496,Ruelle sans nom (segment 496),residential,47.90596351582515,8,12.0,0,1.5,30.0,0.87,0.02125,10.2,0.96,14,1037
497,Ruelle sans nom (segment 497),residential,48.60352037995655,8,12.0,0,1.5,30.0,0.87,0.02125,10.2,0.96,14,1037
498,Ruelle sans nom (segment 498),residential,47.63896037148999,8,12.0,0,1.5,30.0,0.87,0.02125,10.2,0.96,14,1037
499,Ruelle sans nom (segment 499),unclassified,179.84695318812715,8,12.0,0,1.5,30.0,0.87,0.02125,10.2,0.94,14,1037
500,Tây Thăng Long,secondary,120.67281494998724,16,12.0,0,0.75,21.0,1.24,0.13792,33.1,1.74,14,1037
0,Ngõ 87 Đường Tân Xuân,residential,7.431604308921684,8,12.0,0,1.5,30.0,0.76,0.0124,14.63,0.87,22,170
1,Ngõ 85 Đường Tân Xuân,residential,261.33732697076476,8,12.0,0,1.5,30.0,0.76,0.0124,14.63,0.84,22,170
2,Đường Tân Xuân,secondary,64.1155671139473,16,12.0,0,0.75,21.0,1.09,0.08045,35.82,1.17,22,170
3,Phố Viên,tertiary,46.32053804369866,12,12.0,0,1.0,24.0,0.95,0.0491,32.31,0.98,22,170
4,Đường Cầu Noi,tertiary,397.33561828021703,12,12.0,1,1.0,24.0,0.95,0.0491,32.31,0.94,22,170
5,Đường Phan Bá Vành,tertiary,353.50646222840555,12,12.0,0,1.0,24.0,0.95,0.0491,32.31,0.94,22,170
6,Cầu Noi,tertiary,114.91459032965052,12,12.0,0,1.0,24.0,0.95,0.0491,32.31,0.98,22,170
7,Đường Cổ Nhuế,secondary,728.4521787721933,16,10.8,10,0.68,18.1,1.13,0.08045,35.6,1.04,22,170
8,Đường Cầu Noi,tertiary,273.5496442669747,12,12.0,2,1.0,24.0,0.95,0.0491,32.31,0.95,22,170
9,Đường Cổ Nhuế,secondary,183.83368356311726,16,11.590909090909092,22,0.72,20.0,1.1,0.08045,35.72,1.14,22,170
10,Ngõ 392 Đường Cổ Nhuế,residential,248.78674534764374,8,10.8,5,1.35,25.4,0.81,0.0124,14.21,0.77,22,170
11,Ngõ 43 Đường Cổ Nhuế,residential,274.79955257781944,8,12.0,1,1.5,30.0,0.76,0.0124,14.63,0.84,22,170
12,Đường Cổ Nhuế,secondary,231.3087971897013,16,12.0,5,0.75,21.0,1.09,0.08045,35.82,1.15,22,170
13,Đường Phạm Văn Đồng,primary,653.1537412211962,20,12.0,0,0.6,19.2,1.19,0.10662,35.5,1.28,22,170
14,Đường Phạm Văn Đồng,primary,392.0420914866389,20,12.0,0,0.6,19.2,1.19,0.10662,35.5,1.31,22,170
15,Đường Cổ Nhuế,secondary,165.64174986402298,16,12.0,11,0.75,21.0,1.09,0.08045,35.82,1.16,22,170
16,Phố Nguyễn Đình Tứ,tertiary,379.0403801488728,12,12.0,4,1.0,24.0,0.95,0.0491,32.31,0.94,22,170
17,Đường Đức Thắng,secondary,246.6444822640605,16,12.0,1,0.75,21.0,1.09,0.08045,35.82,1.15,22,170
18,Phố Viên,tertiary,200.65259112167843,12,12.0,2,1.0,24.0,0.95,0.0491,32.31,0.96,22,170
19,Đường Đức Thắng,secondary,57.881890610648455,16,12.0,8,0.75,21.0,1.09,0.08045,35.82,1.17,22,170
20,Ruelle sans nom (segment 20),residential,210.65765379078826,8,12.0,0,1.5,30.0,0.76,0.0124,14.63,0.85,22,170
21,Đường Đức Thắng,secondary,31.633849093310815,16,12.0,7,0.75,21.0,1.09,0.08045,35.82,1.18,22,170
22,Đường Lê Văn Hiến,tertiary,243.67768999454475,12,12.0,72,1.0,24.0,0.95,0.0491,32.31,0.96,22,170
23,Phố Viên,tertiary,94.50782529336368,12,12.0,1,1.0,24.0,0.95,0.0491,32.31,0.98,22,170
24,Ruelle sans nom (segment 24),residential,116.19526947973388,8,12.0,0,1.5,30.0,0.76,0.0124,14.63,0.86,22,170
25,Phố Viên,tertiary,190.13235581070657,12,12.0,0,1.0,24.0,0.95,0.0491,32.31,0.97,22,170
26,Ruelle sans nom (segment 26),residential,3.498712557738033,8,12.0,0,1.5,30.0,0.76,0.0124,14.63,0.87,22,170
27,Ngõ 119 Đường Cổ Nhuế,residential,20.32099804289561,8,12.0,0,1.5,30.0,0.76,0.0124,14.63,0.87,22,170
28,Ngõ 119 Đường Cổ Nhuế,residential,224.71830886461947,8,12.0,0,1.5,30.0,0.76,0.0124,14.63,0.84,22,170
29,Ngách 43/ Cổ Nhuế,residential,5.211547382507359,8,12.0,0,1.5,30.0,0.76,0.0124,14.63,0.87,22,170
30,Ngõ 119 Đường Cổ Nhuế,residential,107.62174748351161,8,12.0,1,1.5,30.0,0.76,0.0124,14.63,0.86,22,170
31,Đường Phạm Văn Đồng,primary,248.88868666138313,20,12.0,0,0.6,19.2,1.19,0.10662,35.5,1.33,22,170
32,Phố Phạm Tiến Duật,residential,22.95381950443031,8,12.0,0,1.5,30.0,0.76,0.0124,14.63,0.87,22,170
33,Phố Phạm Tiến Duật,residential,29.112434831070598,8,12.0,0,1.5,30.0,0.76,0.0124,14.63,0.87,22,170
34,Ruelle sans nom (segment 34),tertiary,40.849867440166534,12,12.0,0,1.0,24.0,0.95,0.0491,32.31,0.99,22,170
35,Ruelle sans nom (segment 35),residential,112.29636313306482,8,12.0,1,1.5,30.0,0.76,0.0124,14.63,0.86,22,170
36,Ruelle sans nom (segment 36),tertiary,139.93499517812313,12,12.0,1,1.0,24.0,0.95,0.0491,32.31,0.97,22,170
37,Ruelle sans nom (segment 37),residential,30.0330582021372,8,12.0,0,1.5,30.0,0.76,0.0124,14.63,0.87,22,170
38,Ruelle sans nom (segment 38),residential,29.476128650695504,8,12.0,0,1.5,30.0,0.76,0.0124,14.63,0.87,22,170
39,Ruelle sans nom (segment 39),residential,54.279713132519916,8,12.0,2,1.5,30.0,0.76,0.0124,14.63,0.87,22,170
40,Ruelle sans nom (segment 40),residential,29.747847698075855,8,12.0,0,1.5,30.0,0.76,0.0124,14.63,0.87,22,170
41,Ruelle sans nom (segment 41),residential,19.318759289986524,8,12.0,0,1.5,30.0,0.76,0.0124,14.63,0.87,22,170
42,Ruelle sans nom (segment 42),residential,105.48519749892114,8,12.0,2,1.5,30.0,0.76,0.0124,14.63,0.86,22,170
43,Ruelle sans nom (segment 43),residential,62.196022975535044,8,12.0,2,1.5,30.0,0.76,0.0124,14.63,0.87,22,170
44,Ruelle sans nom (segment 44),residential,25.19765737971533,8,12.0,2,1.5,30.0,0.76,0.0124,14.63,0.87,22,170
45,Đường Phạm Văn Đồng,primary,26.978962810836634,20,12.0,0,0.6,19.2,1.19,0.10662,35.5,1.36,22,170
46,Phố Trần Cung,secondary,23.608574984217846,16,12.0,0,0.75,21.0,1.09,0.08045,35.82,1.18,22,170
47,Đường Đức Thắng,secondary,216.92919026772898,16,12.0,0,0.75,21.0,1.09,0.08045,35.82,1.15,22,170
48,Đường Đức Thắng,secondary,368.8029360573254,16,12.0,0,0.75,21.0,1.09,0.08045,35.82,1.13,22,170
49,Ruelle sans nom (segment 49),residential,88.2043337196852,8,12.0,0,1.5,30.0,0.76,0.0124,14.63,0.86,22,170
50,Đường Hoàng Tăng Bí,tertiary,385.40503449083576,12,12.0,0,1.0,24.0,0.95,0.0491,32.31,0.94,22,170
51,Đường Tân Xuân,secondary,111.01715326795349,16,12.0,0,0.75,21.0,1.09,0.08045,35.82,1.16,22,170
52,Đường Đức Thắng,secondary,185.77596670180512,16,12.0,1,0.75,21.0,1.09,0.08045,35.82,1.15,22,170
53,Đường Đức Thắng,secondary,175.2382225439117,16,12.0,1,0.75,21.0,1.09,0.08045,35.82,1.16,22,170
54,đường 24,residential,323.98562291246765,8,12.0,2,1.5,30.0,0.76,0.0124,14.63,0.83,22,170
55,Đường Lê Văn Hiến,tertiary,6.87312610814756,12,12.0,15,1.0,24.0,0.95,0.0491,32.31,0.99,22,170
56,Đường Lê Văn Hiến,tertiary,95.4333391989522,12,12.0,23,1.0,24.0,0.95,0.0491,32.31,0.98,22,170
57,Ngõ 59 Lê Văn Hiến,residential,294.1493051866413,8,13.038461538461538,26,1.63,34.3,0.72,0.0124,15.05,0.9,22,170
58,Ruelle sans nom (segment 58),residential,26.046494433265323,8,12.0,0,1.5,30.0,0.76,0.0124,14.63,0.87,22,170
59,Phố Tân Phong,residential,340.3403376717469,8,12.0,0,1.5,30.0,0.76,0.0124,14.63,0.83,22,170
60,Phố Tân Phong,residential,44.567108851835954,8,12.0,0,1.5,30.0,0.76,0.0124,14.63,0.87,22,170
61,Ruelle sans nom (segment 61),residential,184.50165284192826,8,12.0,3,1.5,30.0,0.76,0.0124,14.63,0.85,22,170
62,Đường Bờ tây sông Nhuệ,tertiary,382.40915738969437,12,12.0,3,1.0,24.0,0.95,0.0491,32.31,0.94,22,170
63,Đường Bờ tây sông Nhuệ,tertiary,111.15447321151886,12,12.0,4,1.0,24.0,0.95,0.0491,32.31,0.98,22,170
64,Ruelle sans nom (segment 64),residential,43.43685563912119,8,12.0,0,1.5,30.0,0.76,0.0124,14.63,0.87,22,170
65,Đường Bờ tây sông Nhuệ,tertiary,85.99224468458875,12,12.0,0,1.0,24.0,0.95,0.0491,32.31,0.98,22,170
66,Đường Bờ tây sông Nhuệ,tertiary,103.05077738691455,12,12.0,0,1.0,24.0,0.95,0.0491,32.31,0.98,22,170
67,Đường Bờ tây sông Nhuệ,tertiary,108.68425160565269,12,12.0,0,1.0,24.0,0.95,0.0491,32.31,0.98,22,170
68,Đường Phạm Văn Nghị,tertiary,363.67663871282014,12,12.0,0,1.0,24.0,0.95,0.0491,32.31,0.94,22,170
69,Ruelle sans nom (segment 69),residential,47.943635418342105,8,12.0,0,1.5,30.0,0.76,0.0124,14.63,0.87,22,170
70,Đường Bờ tây sông Nhuệ,tertiary,188.004806059167,12,12.0,0,1.0,24.0,0.95,0.0491,32.31,0.97,22,170
71,Đường Bờ tây sông Nhuệ,tertiary,314.4989193765721,12,12.0,0,1.0,24.0,0.95,0.0491,32.31,0.95,22,170
72,Phố Tân Phong,residential,28.558148464410106,8,12.0,0,1.5,30.0,0.76,0.0124,14.63,0.87,22,170
73,Phố Tân Phong,residential,74.36934057839906,8,12.0,1,1.5,30.0,0.76,0.0124,14.63,0.86,22,170
74,Ruelle sans nom (segment 74),residential,79.56502517907872,8,12.0,1,1.5,30.0,0.76,0.0124,14.63,0.86,22,170
75,Phố Tân Phong,residential,275.45025060115063,8,12.0,0,1.5,30.0,0.76,0.0124,14.63,0.84,22,170
76,Ngách 114/62 Phố Tân Phong,residential,188.10789948732824,8,12.0,0,1.5,30.0,0.76,0.0124,14.63,0.85,22,170
77,Đường Lê Văn Hiến,tertiary,35.18047995835501,12,12.0,10,1.0,24.0,0.95,0.0491,32.31,0.99,22,170
78,Ruelle sans nom (segment 78),residential,67.56275241446252,8,12.0,5,1.5,30.0,0.76,0.0124,14.63,0.86,22,170
79,Ngõ 56 Lê Văn Hiến,residential,73.20549389247209,8,12.0,8,1.5,30.0,0.76,0.0124,14.63,0.86,22,170
80,Đường Sông Nhuệ,residential,305.84909416707313,8,11.82,50,1.48,29.3,0.77,0.0124,14.57,0.82,22,170
81,Đường Phạm Văn Nghị,residential,73.59913549714523,8,12.0,5,1.5,30.0,0.76,0.0124,14.63,0.86,22,170
82,Khu B Đại Học Mỏ,residential,24.48264989248487,8,12.0,0,1.5,30.0,0.76,0.0124,14.63,0.87,22,170
83,Khu B Đại Học Mỏ,residential,171.46457116801238,8,12.0,2,1.5,30.0,0.76,0.0124,14.63,0.85,22,170
84,Đường Phạm Văn Nghị,residential,144.53564018620222,8,12.0,1,1.5,30.0,0.76,0.0124,14.63,0.85,22,170
85,Đường Tây Thăng Long,secondary,32.367414548754674,16,12.0,0,0.75,21.0,1.09,0.08045,35.82,1.18,22,170
86,Phố Chế Lan Viên,residential,35.71836520127233,8,12.0,0,1.5,30.0,0.76,0.0124,14.63,0.87,22,170
87,Phố Chế Lan Viên,residential,105.82626761234326,8,12.0,1,1.5,30.0,0.76,0.0124,14.63,0.86,22,170
88,Ruelle sans nom (segment 88),residential,45.32167575788916,8,12.0,0,1.5,30.0,0.76,0.0124,14.63,0.87,22,170
89,Ruelle sans nom (segment 89),residential,35.568667930445,8,12.0,0,1.5,30.0,0.76,0.0124,14.63,0.87,22,170
90,Ruelle sans nom (segment 90),residential,80.86814080975384,8,12.0,0,1.5,30.0,0.76,0.0124,14.63,0.86,22,170
91,Phố Phạm Tiến Duật,residential,32.027957450887385,8,12.0,0,1.5,30.0,0.76,0.0124,14.63,0.87,22,170
92,Phố Phạm Tiến Duật,residential,18.999492861110223,8,12.0,0,1.5,30.0,0.76,0.0124,14.63,0.87,22,170
93,Ruelle sans nom (segment 93),residential,142.80600261404606,8,12.0,0,1.5,30.0,0.76,0.0124,14.63,0.85,22,170
94,Ruelle sans nom (segment 94),tertiary,121.42796612137325,12,12.0,0,1.0,24.0,0.95,0.0491,32.31,0.97,22,170
95,Ruelle sans nom (segment 95),tertiary,30.662215529041735,12,12.0,2,1.0,24.0,0.95,0.0491,32.31,0.99,22,170
96,Ruelle sans nom (segment 96),residential,181.35738964046453,8,12.0,3,1.5,30.0,0.76,0.0124,14.63,0.85,22,170
97,Ruelle sans nom (segment 97),tertiary,56.83679209927065,12,12.0,2,1.0,24.0,0.95,0.0491,32.31,0.98,22,170
98,Phố Phạm Tiến Duật,residential,58.959787224294644,8,12.0,2,1.5,30.0,0.76,0.0124,14.63,0.87,22,170
99,Ruelle sans nom (segment 99),residential,107.33594823851789,8,12.0,2,1.5,30.0,0.76,0.0124,14.63,0.86,22,170
100,Ruelle sans nom (segment 100),residential,26.993916246266085,8,12.0,1,1.5,30.0,0.76,0.0124,14.63,0.87,22,170
101,Phố Phạm Tiến Duật,residential,44.25446394163041,8,12.0,1,1.5,30.0,0.76,0.0124,14.63,0.87,22,170
102,Ruelle sans nom (segment 102),residential,62.25506258256634,8,12.0,2,1.5,30.0,0.76,0.0124,14.63,0.87,22,170
103,Ruelle sans nom (segment 103),tertiary,29.587125845099074,12,12.0,1,1.0,24.0,0.95,0.0491,32.31,0.99,22,170
104,Phố Phạm Tiến Duật,residential,56.72022471412354,8,12.0,0,1.5,30.0,0.76,0.0124,14.63,0.87,22,170
105,Phố Phạm Tiến Duật,residential,49.98323193914869,8,12.0,0,1.5,30.0,0.76,0.0124,14.63,0.87,22,170
106,Ruelle sans nom (segment 106),residential,55.07941153015606,8,12.0,0,1.5,30.0,0.76,0.0124,14.63,0.87,22,170
107,Ruelle sans nom (segment 107),residential,113.84823806593242,8,12.0,0,1.5,30.0,0.76,0.0124,14.63,0.86,22,170
108,Ruelle sans nom (segment 108),residential,21.299723733224724,8,12.0,0,1.5,30.0,0.76,0.0124,14.63,0.87,22,170
109,Ruelle sans nom (segment 109),residential,104.07430909022764,8,12.0,0,1.5,30.0,0.76,0.0124,14.63,0.86,22,170
110,Phố Chế Lan Viên,residential,54.92750350430069,8,12.0,0,1.5,30.0,0.76,0.0124,14.63,0.87,22,170
111,Phố Chế Lan Viên,residential,153.31155513271506,8,12.0,1,1.5,30.0,0.76,0.0124,14.63,0.85,22,170
112,Phố Chế Lan Viên,residential,42.70364236917911,8,12.0,0,1.5,30.0,0.76,0.0124,14.63,0.87,22,170
113,Phố Chế Lan Viên,residential,145.93941956134242,8,12.0,2,1.5,30.0,0.76,0.0124,14.63,0.85,22,170
114,Ruelle sans nom (segment 114),residential,58.53835632987835,8,12.0,0,1.5,30.0,0.76,0.0124,14.63,0.87,22,170
115,Ruelle sans nom (segment 115),residential,60.42993250615117,8,12.0,0,1.5,30.0,0.76,0.0124,14.63,0.87,22,170
116,Phố Chế Lan Viên,residential,27.48057825341522,8,12.0,0,1.5,30.0,0.76,0.0124,14.63,0.87,22,170
117,Ngách 142/43 Đường Cổ Nhuế,residential,19.063067804193643,8,12.0,0,1.5,30.0,0.76,0.0124,14.63,0.87,22,170
118,Ruelle sans nom (segment 118),residential,26.994169258614694,8,12.0,0,1.5,30.0,0.76,0.0124,14.63,0.87,22,170
119,Phố Chế Lan Viên,residential,52.92477556679909,8,12.0,0,1.5,30.0,0.76,0.0124,14.63,0.87,22,170
120,Phố Chế Lan Viên,residential,89.38296356321422,8,12.0,0,1.5,30.0,0.76,0.0124,14.63,0.86,22,170
121,Ruelle sans nom (segment 121),residential,29.41700987934167,8,12.0,0,1.5,30.0,0.76,0.0124,14.63,0.87,22,170
122,Ruelle sans nom (segment 122),residential,79.52609598606723,8,12.0,0,1.5,30.0,0.76,0.0124,14.63,0.86,22,170
123,Ruelle sans nom (segment 123),tertiary,58.56822422027343,12,12.0,1,1.0,24.0,0.95,0.0491,32.31,0.98,22,170
124,Ruelle sans nom (segment 124),residential,51.03371558212011,8,12.0,2,1.5,30.0,0.76,0.0124,14.63,0.87,22,170
125,Phố Phạm Tiến Duật,residential,14.187060736480149,8,12.0,0,1.5,30.0,0.76,0.0124,14.63,0.87,22,170
126,Phố Phạm Tiến Duật,residential,109.89812582570484,8,12.0,0,1.5,30.0,0.76,0.0124,14.63,0.86,22,170
127,Ruelle sans nom (segment 127),tertiary,52.96540944859521,12,12.0,1,1.0,24.0,0.95,0.0491,32.31,0.98,22,170
128,Ruelle sans nom (segment 128),residential,57.353592800535026,8,12.0,2,1.5,30.0,0.76,0.0124,14.63,0.87,22,170
129,Phố Phạm Tiến Duật,residential,83.12626973678759,8,12.0,0,1.5,30.0,0.76,0.0124,14.63,0.86,22,170
130,Ruelle sans nom (segment 130),residential,57.45484590127447,8,12.0,0,1.5,30.0,0.76,0.0124,14.63,0.87,22,170
131,Ruelle sans nom (segment 131),residential,74.00446592580646,8,12.0,0,1.5,30.0,0.76,0.0124,14.63,0.86,22,170
132,Phố Chế Lan Viên,residential,40.12074361496024,8,6.0,1,0.75,10.5,1.09,0.0124,18.88,0.49,22,170
133,Phố Chế Lan Viên,residential,42.124368625848994,8,6.0,1,0.75,10.5,1.09,0.0124,18.88,0.49,22,170
134,Ruelle sans nom (segment 134),residential,67.95257289707088,8,6.0,1,0.75,10.5,1.09,0.0124,18.88,0.49,22,170
135,Khu B Đại Học Mỏ,residential,62.88806221535221,8,12.0,0,1.5,30.0,0.76,0.0124,14.63,0.87,22,170
136,Ruelle sans nom (segment 136),residential,55.93500041593819,8,12.0,1,1.5,30.0,0.76,0.0124,14.63,0.87,22,170
137,Ruelle sans nom (segment 137),residential,55.67252162656977,8,12.0,0,1.5,30.0,0.76,0.0124,14.63,0.87,22,170
138,Phố Viên,tertiary,176.50898412581512,12,12.0,0,1.0,24.0,0.95,0.0491,32.31,0.97,22,170
139,Phố Viên,tertiary,80.51862373273842,12,12.0,0,1.0,24.0,0.95,0.0491,32.31,0.98,22,170
140,Đường Phạm Văn Đồng,primary,355.4235369774434,20,12.0,0,0.6,19.2,1.19,0.10662,35.5,1.32,22,170
141,Đường Phạm Văn Đồng,primary,258.5520351774697,20,12.0,0,0.6,19.2,1.19,0.10662,35.5,1.33,22,170
142,Ngõ 104 Đường Cổ Nhuế,residential,349.3611056564863,8,12.0,1,1.5,30.0,0.76,0.0124,14.63,0.83,22,170
143,Đường Cổ Nhuế,secondary,79.2609582681947,16,12.0,0,0.75,21.0,1.09,0.08045,35.82,1.17,22,170
144,Phố Nguyễn Đình Tứ,tertiary,133.54079882536726,12,12.0,0,1.0,24.0,0.95,0.0491,32.31,0.97,22,170
145,Phố Nguyễn Đình Tứ,tertiary,333.1681486067531,12,12.0,0,1.0,24.0,0.95,0.0491,32.31,0.95,22,170
146,Ruelle sans nom (segment 146),residential,370.3924398454765,8,12.0,0,1.5,30.0,0.76,0.0124,14.63,0.82,22,170
147,Phố Nguyễn Đình Tứ,tertiary,77.85444382770089,12,12.0,0,1.0,24.0,0.95,0.0491,32.31,0.98,22,170
148,Ruelle sans nom (segment 148),tertiary,63.43967958333617,12,12.0,0,1.0,24.0,0.95,0.0491,32.31,0.98,22,170
149,Đường Phạm Văn Đồng,primary,159.67927185166496,20,12.0,1,0.6,19.2,1.19,0.10662,35.5,1.34,22,170
150,Tăng Thiết Giáp,residential,228.17918164400555,8,12.0,2,1.5,30.0,0.76,0.0124,14.63,0.84,22,170
151,Ruelle sans nom (segment 151),residential,62.11868818478042,8,12.0,2,1.5,30.0,0.76,0.0124,14.63,0.87,22,170
152,Tăng Thiết Giáp,residential,186.03072820082085,8,12.0,3,1.5,30.0,0.76,0.0124,14.63,0.85,22,170
153,Ngõ 43 Đường Cổ Nhuế,residential,241.39325637612822,8,33.0,3,4.12,169.1,0.37,0.0124,26.15,2.15,22,170
154,Đường Sông Nhuệ,residential,189.64137955655738,8,12.0,5,1.5,30.0,0.76,0.0124,14.63,0.85,22,170
155,Ruelle sans nom (segment 155),tertiary,69.3752321509986,12,12.0,1,1.0,24.0,0.95,0.0491,32.31,0.98,22,170
156,Ruelle sans nom (segment 156),residential,75.31298526700996,8,12.0,2,1.5,30.0,0.76,0.0124,14.63,0.86,22,170
157,Ruelle sans nom (segment 157),tertiary,93.61967153366069,12,12.0,1,1.0,24.0,0.95,0.0491,32.31,0.98,22,170
158,Ngõ 56 Lê Văn Hiến,residential,108.7298365467372,8,12.0,5,1.5,30.0,0.76,0.0124,14.63,0.86,22,170
159,Ngõ 1 Văn Hội,residential,217.35984768953088,8,11.571428571428571,21,1.45,28.3,0.78,0.0124,14.48,0.82,22,170
160,Ngõ 1 Văn Hội,residential,36.247625210143994,8,12.0,1,1.5,30.0,0.76,0.0124,14.63,0.87,22,170
161,đường 15,residential,32.800971650250645,8,12.0,1,1.5,30.0,0.76,0.0124,14.63,0.87,22,170
162,đường 15,residential,209.57151603615114,8,12.0,1,1.5,30.0,0.76,0.0124,14.63,0.85,22,170
163,Phố Văn Hội,residential,28.87532697181348,8,12.0,1,1.5,30.0,0.76,0.0124,14.63,0.87,22,170
164,Ngõ 1 Văn Hội,residential,45.224554341897196,8,12.0,0,1.5,30.0,0.76,0.0124,14.63,0.87,22,170
165,Ngõ 1 Văn Hội,residential,110.0045491211467,8,12.0,2,1.5,30.0,0.76,0.0124,14.63,0.86,22,170
166,Phố Văn Hội,residential,92.95273120200764,8,12.0,1,1.5,30.0,0.76,0.0124,14.63,0.86,22,170
167,Phố Văn Hội,residential,69.3774550066959,8,12.0,1,1.5,30.0,0.76,0.0124,14.63,0.86,22,170
168,Ngách 142/43 Đường Cổ Nhuế,residential,35.03553827232695,8,12.0,0,1.5,30.0,0.76,0.0124,14.63,0.87,22,170
169,Ruelle sans nom (segment 169),residential,22.927824391455946,8,9.5,6,1.19,20.8,0.87,0.0124,13.83,0.71,22,170
170,Đường Cổ Nhuế,secondary,57.30523727807685,16,11.25,8,0.7,19.2,1.12,0.08045,35.66,1.15,22,170
171,Ngõ 523 Đường Cổ Nhuế,residential,52.01256304729594,8,28.5,2,3.56,130.0,0.42,0.0124,23.28,1.9,22,170
172,Ruelle sans nom (segment 172),residential,42.494483919171536,8,12.0,0,1.5,30.0,0.76,0.0124,14.63,0.87,22,170
173,Ruelle sans nom (segment 173),residential,144.20293159368617,8,12.0,0,1.5,30.0,0.76,0.0124,14.63,0.85,22,170
174,Ruelle sans nom (segment 174),residential,61.746239841463606,8,12.0,0,1.5,30.0,0.76,0.0124,14.63,0.87,22,170
175,Ruelle sans nom (segment 175),residential,19.73335708551546,8,12.0,0,1.5,30.0,0.76,0.0124,14.63,0.87,22,170
176,Ruelle sans nom (segment 176),residential,94.97772270347852,8,9.0,7,1.12,19.1,0.89,0.0124,13.72,0.67,22,170
177,Phố Viên,tertiary,210.20982829154252,12,12.333333333333334,9,1.03,25.0,0.94,0.0491,32.47,0.98,22,170
178,Phố Viên,tertiary,68.69946031254011,12,12.0,2,1.0,24.0,0.95,0.0491,32.31,0.98,22,170
179,Phố Nguyễn Đình Tứ,tertiary,63.38660034629479,12,12.0,0,1.0,24.0,0.95,0.0491,32.31,0.98,22,170
180,Phố Nguyễn Đình Tứ,tertiary,103.23512150198273,12,12.0,0,1.0,24.0,0.95,0.0491,32.31,0.98,22,170
181,Ngõ 467 Đường Phạm Văn Đồng,residential,228.66574096547566,8,12.0,3,1.5,30.0,0.76,0.0124,14.63,0.84,22,170
182,Đường Phạm Văn Đồng,primary,132.27525231083987,20,12.0,0,0.6,19.2,1.19,0.10662,35.5,1.35,22,170
183,Ngõ 562 Phố Trần Cung,residential,45.988437608202,8,12.0,0,1.5,30.0,0.76,0.0124,14.63,0.87,22,170
184,Phố Trần Cung,secondary,167.88722640306173,16,12.0,0,0.75,21.0,1.09,0.08045,35.82,1.16,22,170
185,Đường Trại Gà,tertiary,987.1938901617659,12,12.0,2,1.0,24.0,0.95,0.0491,32.31,0.86,22,170
186,Cầu Trại Gà,tertiary,23.919896362883044,12,12.0,0,1.0,24.0,0.95,0.0491,32.31,0.99,22,170
187,Phú Minh,residential,269.06830780855216,8,12.0,0,1.5,30.0,0.76,0.0124,14.63,0.84,22,170
188,Tây Thăng Long,secondary,305.0258140860348,16,12.0,0,0.75,21.0,1.09,0.08045,35.82,1.14,22,170
189,Ruelle sans nom (segment 189),secondary_link,12.651460984788834,10,12.0,0,1.2,26.4,0.86,0.00826,7.04,0.68,22,170
190,Ruelle sans nom (segment 190),residential,647.7185984323607,8,12.0,0,1.5,30.0,0.76,0.0124,14.63,0.79,22,170
191,Ruelle sans nom (segment 191),residential,74.52280489158456,8,12.0,0,1.5,30.0,0.76,0.0124,14.63,0.86,22,170
192,Ruelle sans nom (segment 192),residential,114.98241213118065,8,12.0,0,1.5,30.0,0.76,0.0124,14.63,0.86,22,170
193,Ruelle sans nom (segment 193),residential,68.11553920118973,8,12.0,0,1.5,30.0,0.76,0.0124,14.63,0.86,22,170
194,Phố Văn Hội,residential,121.16660563366247,8,12.0,1,1.5,30.0,0.76,0.0124,14.63,0.86,22,170
195,Phố Văn Hội,residential,80.3150336158674,8,12.0,0,1.5,30.0,0.76,0.0124,14.63,0.86,22,170
196,Ruelle sans nom (segment 196),residential,166.14529181458448,8,12.0,1,1.5,30.0,0.76,0.0124,14.63,0.85,22,170
197,Phố Văn Hội,residential,140.45615522556497,8,12.0,0,1.5,30.0,0.76,0.0124,14.63,0.86,22,170
198,Ruelle sans nom (segment 198),residential,123.88555425264849,8,12.0,0,1.5,30.0,0.76,0.0124,14.63,0.86,22,170
199,Ruelle sans nom (segment 199),tertiary,72.73930328616363,12,12.0,2,1.0,24.0,0.95,0.0491,32.31,0.98,22,170
200,Ruelle sans nom (segment 200),residential,22.81087708005996,8,12.0,3,1.5,30.0,0.76,0.0124,14.63,0.87,22,170
201,Phố Tân Phong,residential,75.10162851338434,8,12.0,0,1.5,30.0,0.76,0.0124,14.63,0.86,22,170
202,Ruelle sans nom (segment 202),residential,40.85326349532268,8,12.0,0,1.5,30.0,0.76,0.0124,14.63,0.87,22,170
203,Ruelle sans nom (segment 203),residential,151.4664753988137,8,12.0,0,1.5,30.0,0.76,0.0124,14.63,0.85,22,170
204,Khu B Đại Học Mỏ,residential,18.24614197926742,8,12.0,1,1.5,30.0,0.76,0.0124,14.63,0.87,22,170
205,Khu B Đại Học Mỏ,residential,165.36348649249996,8,12.0,0,1.5,30.0,0.76,0.0124,14.63,0.85,22,170
206,Ruelle sans nom (segment 206),residential,21.800943343881965,8,12.0,0,1.5,30.0,0.76,0.0124,14.63,0.87,22,170
207,Ngõ 85 Đường Tân Xuân,residential,112.27969943092529,8,12.0,0,1.5,30.0,0.76,0.0124,14.63,0.86,22,170
208,Đường Phạm Văn Đồng,primary,17.20791184106962,20,12.0,0,0.6,19.2,1.19,0.10662,35.5,1.36,22,170
209,Đường Cổ Nhuế,secondary,90.68853360831625,16,12.0,0,0.75,21.0,1.09,0.08045,35.82,1.17,22,170
210,Đường Phạm Văn Đồng,primary,12.080223872354928,20,12.0,0,0.6,19.2,1.19,0.10662,35.5,1.36,22,170
211,Phố Chế Lan Viên,residential,104.11410919555819,8,12.0,1,1.5,30.0,0.76,0.0124,14.63,0.86,22,170
212,Đường Tân Xuân,secondary,3.952344586793749,16,12.0,0,0.75,21.0,1.09,0.08045,35.82,1.18,22,170
213,Ruelle sans nom (segment 213),residential,46.05767555606948,8,12.0,0,1.5,30.0,0.76,0.0124,14.63,0.87,22,170
214,Ruelle sans nom (segment 214),residential,57.65473881452825,8,12.0,0,1.5,30.0,0.76,0.0124,14.63,0.87,22,170
215,Ruelle sans nom (segment 215),residential,198.61013339848637,8,12.0,0,1.5,30.0,0.76,0.0124,14.63,0.85,22,170
216,Ruelle sans nom (segment 216),residential,31.916091936801138,8,12.0,0,1.5,30.0,0.76,0.0124,14.63,0.87,22,170
217,Ngách 562/17 Phố Trần Cung,residential,197.8455566773526,8,12.0,0,1.5,30.0,0.76,0.0124,14.63,0.85,22,170
218,Ruelle sans nom (segment 218),residential,24.212333265119593,8,12.0,0,1.5,30.0,0.76,0.0124,14.63,0.87,22,170
219,Ruelle sans nom (segment 219),secondary_link,16.245932610872124,10,12.0,0,1.2,26.4,0.86,0.00826,7.04,0.68,22,170
220,Phạm Văn Nghị,residential,508.0340953323431,8,12.0,0,1.5,30.0,0.76,0.0124,14.63,0.81,22,170
221,Ruelle sans nom (segment 221),residential,70.33048410584124,8,43.5,2,5.44,280.0,0.3,0.0124,20.72,2.83,22,170
222,Ngõ 153 Phố Tân Phong,residential,93.77334234000425,8,12.0,0,1.5,30.0,0.76,0.0124,14.63,0.86,22,170
223,Ruelle sans nom (segment 223),residential,49.84416756083914,8,12.0,0,1.5,30.0,0.76,0.0124,14.63,0.87,22,170
224,Ruelle sans nom (segment 224),residential,50.127404069789975,8,12.0,0,1.5,30.0,0.76,0.0124,14.63,0.87,22,170
225,Phố Tân Phong,residential,37.64985047493582,8,12.0,0,1.5,30.0,0.76,0.0124,14.63,0.87,22,170
226,Phố Tân Phong,residential,186.9278574677851,8,12.0,0,1.5,30.0,0.76,0.0124,14.63,0.85,22,170
227,Ruelle sans nom (segment 227),residential,208.17595188491276,8,12.0,0,1.5,30.0,0.76,0.0124,14.63,0.85,22,170
228,Ngõ 186 Tân Phong,residential,54.93965361018175,8,12.0,0,1.5,30.0,0.76,0.0124,14.63,0.87,22,170
229,Phố Tân Phong,residential,47.75830975707268,8,12.0,0,1.5,30.0,0.76,0.0124,14.63,0.87,22,170
230,Ngõ 186 Tân Phong,residential,16.822023197237545,8,12.0,0,1.5,30.0,0.76,0.0124,14.63,0.87,22,170
231,Ngõ 149 Phố Tân Phong,residential,80.00885806570004,8,12.0,0,1.5,30.0,0.76,0.0124,14.63,0.86,22,170
232,Ruelle sans nom (segment 232),residential,69.9575313405141,8,12.0,1,1.5,30.0,0.76,0.0124,14.63,0.86,22,170
233,Ruelle sans nom (segment 233),residential,254.52691832124475,8,12.0,3,1.5,30.0,0.76,0.0124,14.63,0.84,22,170
234,Đường Cầu Noi,tertiary,131.86639550550237,12,12.0,5,1.0,24.0,0.95,0.0491,32.31,0.97,22,170
235,Phố Tân Phong,residential,157.92840152068266,8,12.0,0,1.5,30.0,0.76,0.0124,14.63,0.85,22,170
236,Ruelle sans nom (segment 236),residential,218.3206542853425,8,12.0,0,1.5,30.0,0.76,0.0124,14.63,0.84,22,170
237,Phố Tân Phong,residential,7.1736360405182475,8,12.0,0,1.5,30.0,0.76,0.0124,14.63,0.87,22,170
238,Phố Tân Phong,residential,42.35668822068269,8,12.0,0,1.5,30.0,0.76,0.0124,14.63,0.87,22,170
239,Ngõ 123 Phố Tân Phong,residential,50.075759920109384,8,12.0,0,1.5,30.0,0.76,0.0124,14.63,0.87,22,170
240,Ruelle sans nom (segment 240),residential,44.424101636938104,8,12.0,0,1.5,30.0,0.76,0.0124,14.63,0.87,22,170
241,Ngõ 123 Phố Tân Phong,residential,10.035142608770458,8,12.0,0,1.5,30.0,0.76,0.0124,14.63,0.87,22,170
242,Ruelle sans nom (segment 242),residential,6.0601622498055185,8,12.0,0,1.5,30.0,0.76,0.0124,14.63,0.87,22,170
243,Ngách 150/53 Phố Tân Phong,residential,103.52112906659238,8,12.0,1,1.5,30.0,0.76,0.0124,14.63,0.86,22,170
244,Ruelle sans nom (segment 244),residential,21.980178663580134,8,12.0,0,1.5,30.0,0.76,0.0124,14.63,0.87,22,170
245,Ruelle sans nom (segment 245),residential,68.17955504622925,8,12.0,0,1.5,30.0,0.76,0.0124,14.63,0.86,22,170
246,Ruelle sans nom (segment 246),residential,68.07487898494811,8,12.0,0,1.5,30.0,0.76,0.0124,14.63,0.86,22,170
247,Ngõ 126 Phố Tân Phong,residential,44.231420654157844,8,12.0,0,1.5,30.0,0.76,0.0124,14.63,0.87,22,170
248,Phố Tân Phong,residential,57.027876565056914,8,12.0,0,1.5,30.0,0.76,0.0124,14.63,0.87,22,170
249,Phố Tân Phong,residential,49.973996333882845,8,12.0,0,1.5,30.0,0.76,0.0124,14.63,0.87,22,170
250,Ruelle sans nom (segment 250),residential,71.26854378382886,8,12.0,0,1.5,30.0,0.76,0.0124,14.63,0.86,22,170
251,Ngõ 114 Phố Tân Phong,residential,27.348549659364377,8,12.0,0,1.5,30.0,0.76,0.0124,14.63,0.87,22,170
252,Ngõ 114 Phố Tân Phong,residential,56.9900893958294,8,12.0,0,1.5,30.0,0.76,0.0124,14.63,0.87,22,170
253,Ruelle sans nom (segment 253),residential,252.84517296099602,8,12.0,0,1.5,30.0,0.76,0.0124,14.63,0.84,22,170
254,Ngõ 114 Phố Tân Phong,residential,123.18292732108043,8,12.0,0,1.5,30.0,0.76,0.0124,14.63,0.86,22,170
255,Ruelle sans nom (segment 255),residential,189.76066167090266,8,12.0,1,1.5,30.0,0.76,0.0124,14.63,0.85,22,170
256,Ruelle sans nom (segment 256),residential,17.921787451318938,8,12.0,0,1.5,30.0,0.76,0.0124,14.63,0.87,22,170
257,Ruelle sans nom (segment 257),residential,83.61690007490814,8,12.0,0,1.5,30.0,0.76,0.0124,14.63,0.86,22,170
258,Ruelle sans nom (segment 258),residential,130.22590513331852,8,12.0,0,1.5,30.0,0.76,0.0124,14.63,0.86,22,170
259,Phố Tân Phong,residential,54.853716424622675,8,12.0,0,1.5,30.0,0.76,0.0124,14.63,0.87,22,170
260,Ruelle sans nom (segment 260),residential,65.97998484472137,8,12.0,0,1.5,30.0,0.76,0.0124,14.63,0.87,22,170
261,Ruelle sans nom (segment 261),residential,92.72051461591222,8,12.0,0,1.5,30.0,0.76,0.0124,14.63,0.86,22,170
262,Ruelle sans nom (segment 262),residential,104.18770283103134,8,12.0,0,1.5,30.0,0.76,0.0124,14.63,0.86,22,170
263,Đường Sông Nhuệ,residential,263.71127872746274,8,12.0,0,1.5,30.0,0.76,0.0124,14.63,0.84,22,170
264,Ngõ 1 Văn Hội,residential,32.71388199470064,8,12.0,0,1.5,30.0,0.76,0.0124,14.63,0.87,22,170
265,Ruelle sans nom (segment 265),residential,57.627382478443636,8,12.0,0,1.5,30.0,0.76,0.0124,14.63,0.87,22,170
266,đường 21,residential,85.10617244534693,8,12.0,2,1.5,30.0,0.76,0.0124,14.63,0.86,22,170
267,Phố Văn Hội,residential,52.6332071095951,8,12.0,0,1.5,30.0,0.76,0.0124,14.63,0.87,22,170
268,Ngõ 46 Văn Hội,residential,33.56200028651561,8,12.0,0,1.5,30.0,0.76,0.0124,14.63,0.87,22,170
269,Ngõ 46 Văn Hội,residential,5.449878523249547,8,12.0,0,1.5,30.0,0.76,0.0124,14.63,0.87,22,170
270,Ngõ 46 Văn Hội,residential,83.11645130192171,8,12.0,0,1.5,30.0,0.76,0.0124,14.63,0.86,22,170
271,Ngõ 46 Văn Hội,residential,35.11224153174281,8,12.0,0,1.5,30.0,0.76,0.0124,14.63,0.87,22,170
272,Ruelle sans nom (segment 272),residential,40.79150367687673,8,12.0,0,1.5,30.0,0.76,0.0124,14.63,0.87,22,170
273,Ruelle sans nom (segment 273),residential,137.61515282594632,8,12.0,0,1.5,30.0,0.76,0.0124,14.63,0.86,22,170
274,Ngõ 46 Văn Hội,residential,128.76418126672388,8,12.0,0,1.5,30.0,0.76,0.0124,14.63,0.86,22,170
275,Ngõ 31 Văn Hội,residential,122.0205847678202,8,12.0,0,1.5,30.0,0.76,0.0124,14.63,0.86,22,170
276,Ruelle sans nom (segment 276),residential,74.28524644485145,8,12.0,0,1.5,30.0,0.76,0.0124,14.63,0.86,22,170
277,Ruelle sans nom (segment 277),residential,197.32540712474292,8,12.0,1,1.5,30.0,0.76,0.0124,14.63,0.85,22,170
278,Ruelle sans nom (segment 278),residential,37.373160686044194,8,12.0,0,1.5,30.0,0.76,0.0124,14.63,0.87,22,170
279,Phố Văn Hội,residential,41.50199615481324,8,12.0,0,1.5,30.0,0.76,0.0124,14.63,0.87,22,170
280,Ngách 27 Ngõ 176,residential,88.79254010572218,8,12.0,0,1.5,30.0,0.76,0.0124,14.63,0.86,22,170
281,Ruelle sans nom (segment 281),residential,49.92343197805787,8,12.0,2,1.5,30.0,0.76,0.0124,14.63,0.87,22,170
282,Ngõ 113 Phố Văn Hội,residential,34.850441941098055,8,12.0,0,1.5,30.0,0.76,0.0124,14.63,0.87,22,170
283,Phố Văn Hội,residential,133.32709294612943,8,12.0,0,1.5,30.0,0.76,0.0124,14.63,0.86,22,170
284,Ngõ 429 Đường Hoàng Tăng Bí,residential,57.89845640781529,8,12.0,2,1.5,30.0,0.76,0.0124,14.63,0.87,22,170
285,Phố Văn Hội,residential,27.35587486411028,8,12.0,0,1.5,30.0,0.76,0.0124,14.63,0.87,22,170
286,Ruelle sans nom (segment 286),residential,22.355852999456907,8,12.0,0,1.5,30.0,0.76,0.0124,14.63,0.87,22,170
287,Ruelle sans nom (segment 287),residential,111.08317617009246,8,12.0,0,1.5,30.0,0.76,0.0124,14.63,0.86,22,170
288,Đường Bờ tây sông Nhuệ,tertiary,843.2058164078494,12,12.0,1,1.0,24.0,0.95,0.0491,32.31,0.88,22,170
289,Ruelle sans nom (segment 289),residential,62.97533091465003,8,12.0,0,1.5,30.0,0.76,0.0124,14.63,0.87,22,170
290,Ruelle sans nom (segment 290),residential,188.2022762988737,8,12.0,0,1.5,30.0,0.76,0.0124,14.63,0.85,22,170
291,Phố Tân Phong,residential,125.55300033770358,8,12.0,0,1.5,30.0,0.76,0.0124,14.63,0.86,22,170
292,Ruelle sans nom (segment 292),unclassified,12.740395930648814,8,12.0,1,1.5,30.0,0.76,0.0124,14.63,0.87,22,170
293,Ngõ 20 Phố Lê Văn Hiến,residential,62.23397281403794,8,12.0,0,1.5,30.0,0.76,0.0124,14.63,0.87,22,170
294,Đường Lê Văn Hiến,tertiary,59.7975552848513,12,12.0,35,1.0,24.0,0.95,0.0491,32.31,0.98,22,170
295,Ngõ 20 Phố Lê Văn Hiến,residential,58.551015469144886,8,12.0,18,1.5,30.0,0.76,0.0124,14.63,0.87,22,170
296,Ruelle sans nom (segment 296),residential,114.05237296735186,8,12.0,18,1.5,30.0,0.76,0.0124,14.63,0.86,22,170
297,đường 15,residential,92.66349695321269,8,12.0,1,1.5,30.0,0.76,0.0124,14.63,0.86,22,170
298,đường 15,residential,28.3976807780616,8,12.0,1,1.5,30.0,0.76,0.0124,14.63,0.87,22,170
299,đường 16,residential,69.82015319539602,8,12.0,2,1.5,30.0,0.76,0.0124,14.63,0.86,22,170
300,đường 17,residential,27.82637535024227,8,12.0,0,1.5,30.0,0.76,0.0124,14.63,0.87,22,170
301,đường 18,residential,20.72061497068678,8,12.0,1,1.5,30.0,0.76,0.0124,14.63,0.87,22,170
302,đường 18,residential,35.82268914585283,8,12.0,0,1.5,30.0,0.76,0.0124,14.63,0.87,22,170
303,Ngõ 1 Văn Hội,residential,11.963431432065047,8,12.0,0,1.5,30.0,0.76,0.0124,14.63,0.87,22,170
304,Ruelle sans nom (segment 304),residential,80.74386908301005,8,12.0,0,1.5,30.0,0.76,0.0124,14.63,0.86,22,170
305,Ruelle sans nom (segment 305),residential,48.42042844108194,8,12.0,0,1.5,30.0,0.76,0.0124,14.63,0.87,22,170
306,Ruelle sans nom (segment 306),residential,58.358250383251416,8,12.0,0,1.5,30.0,0.76,0.0124,14.63,0.87,22,170
307,Ruelle sans nom (segment 307),residential,72.4787269048443,8,12.0,0,1.5,30.0,0.76,0.0124,14.63,0.86,22,170
308,Đường Tân Xuân,secondary,90.15776793437183,16,12.0,0,0.75,21.0,1.09,0.08045,35.82,1.17,22,170
309,Phố Viên,residential,395.69806173151744,8,12.0,0,1.5,30.0,0.76,0.0124,14.63,0.82,22,170
310,Khu B Đại Học Mỏ,residential,200.76890624434634,8,12.0,5,1.5,30.0,0.76,0.0124,14.63,0.85,22,170
311,Ruelle sans nom (segment 311),residential,144.37988962054894,8,12.0,1,1.5,30.0,0.76,0.0124,14.63,0.85,22,170
312,Ruelle sans nom (segment 312),residential,50.82509649510591,8,12.0,1,1.5,30.0,0.76,0.0124,14.63,0.87,22,170
313,Khu B Đại Học Mỏ,residential,401.8048919586455,8,12.0,5,1.5,30.0,0.76,0.0124,14.63,0.82,22,170
314,Ruelle sans nom (segment 314),residential,50.18918212589661,8,12.0,0,1.5,30.0,0.76,0.0124,14.63,0.87,22,170
315,Ruelle sans nom (segment 315),residential,47.66677270192773,8,12.0,0,1.5,30.0,0.76,0.0124,14.63,0.87,22,170
316,Phố Viên,tertiary,30.323682300569807,12,12.0,0,1.0,24.0,0.95,0.0491,32.31,0.99,22,170
317,Phố Viên,tertiary,74.19369824276245,12,12.0,0,1.0,24.0,0.95,0.0491,32.31,0.98,22,170
318,Ruelle sans nom (segment 318),residential,59.402849743602864,8,12.0,0,1.5,30.0,0.76,0.0124,14.63,0.87,22,170
319,Ruelle sans nom (segment 319),residential,73.54602185297576,8,12.0,0,1.5,30.0,0.76,0.0124,14.63,0.86,22,170
320,Phố Viên,tertiary,252.7246054411203,12,12.0,0,1.0,24.0,0.95,0.0491,32.31,0.96,22,170
321,Ruelle sans nom (segment 321),residential,50.765417269028454,8,12.0,0,1.5,30.0,0.76,0.0124,14.63,0.87,22,170
322,Ruelle sans nom (segment 322),residential,50.08938679168548,8,12.0,0,1.5,30.0,0.76,0.0124,14.63,0.87,22,170
323,Ruelle sans nom (segment 323),residential,61.10223745020211,8,12.0,0,1.5,30.0,0.76,0.0124,14.63,0.87,22,170
324,Ruelle sans nom (segment 324),residential,52.16942443797565,8,12.0,0,1.5,30.0,0.76,0.0124,14.63,0.87,22,170
325,Ruelle sans nom (segment 325),residential,182.7288280160568,8,12.0,0,1.5,30.0,0.76,0.0124,14.63,0.85,22,170
326,Ruelle sans nom (segment 326),residential,47.549514320780574,8,12.0,0,1.5,30.0,0.76,0.0124,14.63,0.87,22,170
327,Ruelle sans nom (segment 327),residential,91.34900753735009,8,12.0,0,1.5,30.0,0.76,0.0124,14.63,0.86,22,170
328,Ruelle sans nom (segment 328),residential,165.42537623926233,8,12.0,0,1.5,30.0,0.76,0.0124,14.63,0.85,22,170
329,Ngõ 523 Đường Cổ Nhuế,residential,1.7179711547282948,8,45.0,1,5.62,298.1,0.29,0.0124,20.15,2.94,22,170
330,Đường Phạm Văn Nghị,residential,50.066378573586704,8,12.0,2,1.5,30.0,0.76,0.0124,14.63,0.87,22,170
331,Ruelle sans nom (segment 331),residential,11.362488073701932,8,12.0,2,1.5,30.0,0.76,0.0124,14.63,0.87,22,170
332,Ruelle sans nom (segment 332),residential,68.90072591420419,8,12.0,0,1.5,30.0,0.76,0.0124,14.63,0.86,22,170
333,ngõ 288 đường Phú Diễn,residential,44.41265757276359,8,12.0,0,1.5,30.0,0.76,0.0124,14.63,0.87,22,170
334,ngõ 288 đường Phú Diễn,residential,197.0375065719168,8,12.0,0,1.5,30.0,0.76,0.0124,14.63,0.85,22,170
335,Ruelle sans nom (segment 335),residential,82.49159811698661,8,12.0,0,1.5,30.0,0.76,0.0124,14.63,0.86,22,170
336,ngõ 288 đường Phú Diễn,residential,77.45113805008491,8,12.0,0,1.5,30.0,0.76,0.0124,14.63,0.86,22,170
337,Đường Phú Diễn,tertiary,133.08233905115625,12,12.0,0,1.0,24.0,0.95,0.0491,32.31,0.97,22,170
338,Ruelle sans nom (segment 338),residential,64.0003049060517,8,12.0,0,1.5,30.0,0.76,0.0124,14.63,0.87,22,170
339,Ruelle sans nom (segment 339),residential,64.6846715781549,8,12.0,0,1.5,30.0,0.76,0.0124,14.63,0.87,22,170
340,Ngõ 309 Đường Phú Diễn,residential,50.313494072636985,8,12.0,0,1.5,30.0,0.76,0.0124,14.63,0.87,22,170
341,Đường Phú Diễn,tertiary,30.0907238350062,12,12.0,0,1.0,24.0,0.95,0.0491,32.31,0.99,22,170
342,Ruelle sans nom (segment 342),residential,23.402481886236924,8,12.0,0,1.5,30.0,0.76,0.0124,14.63,0.87,22,170
343,Ruelle sans nom (segment 343),residential,5.50929071498382,8,12.0,0,1.5,30.0,0.76,0.0124,14.63,0.87,22,170
344,Ruelle sans nom (segment 344),residential,61.96457657353702,8,12.0,0,1.5,30.0,0.76,0.0124,14.63,0.87,22,170
345,Ruelle sans nom (segment 345),residential,62.72707016906302,8,12.0,0,1.5,30.0,0.76,0.0124,14.63,0.87,22,170
346,Ruelle sans nom (segment 346),residential,73.79073944777215,8,12.0,0,1.5,30.0,0.76,0.0124,14.63,0.86,22,170
347,Ruelle sans nom (segment 347),residential,223.00325316669378,8,12.0,0,1.5,30.0,0.76,0.0124,14.63,0.84,22,170
348,Ruelle sans nom (segment 348),residential,133.23877208087745,8,12.0,0,1.5,30.0,0.76,0.0124,14.63,0.86,22,170
349,Ruelle sans nom (segment 349),residential,48.75589413957861,8,12.0,0,1.5,30.0,0.76,0.0124,14.63,0.87,22,170
350,Ruelle sans nom (segment 350),residential,52.35457276385612,8,12.0,0,1.5,30.0,0.76,0.0124,14.63,0.87,22,170
351,Ruelle sans nom (segment 351),residential,11.449965882540928,8,12.0,0,1.5,30.0,0.76,0.0124,14.63,0.87,22,170
352,Ruelle sans nom (segment 352),residential,192.07982790291337,8,12.0,0,1.5,30.0,0.76,0.0124,14.63,0.85,22,170
353,Ngõ 1 Văn Hội,residential,18.59222485296444,8,12.0,1,1.5,30.0,0.76,0.0124,14.63,0.87,22,170
354,Ngách 56/16 Phố Lê Văn Hiến,residential,34.009985733321656,8,12.0,8,1.5,30.0,0.76,0.0124,14.63,0.87,22,170
355,Ruelle sans nom (segment 355),residential,82.74173032715728,8,12.0,0,1.5,30.0,0.76,0.0124,14.63,0.86,22,170
356,Ruelle sans nom (segment 356),residential,46.395797728470924,8,12.0,0,1.5,30.0,0.76,0.0124,14.63,0.87,22,170
357,Ngõ 186 Tân Phong,residential,43.876309356766676,8,12.0,0,1.5,30.0,0.76,0.0124,14.63,0.87,22,170
358,Ngõ 186 Tân Phong,residential,45.48744158073635,8,12.0,0,1.5,30.0,0.76,0.0124,14.63,0.87,22,170
359,Ruelle sans nom (segment 359),residential,25.751467163364776,8,12.0,0,1.5,30.0,0.76,0.0124,14.63,0.87,22,170
360,Ruelle sans nom (segment 360),residential,88.46426436858431,8,12.0,0,1.5,30.0,0.76,0.0124,14.63,0.86,22,170
361,Ruelle sans nom (segment 361),residential,37.48200040209037,8,10.0,3,1.25,22.5,0.84,0.0124,13.96,0.74,22,170
362,Ruelle sans nom (segment 362),residential,37.9963079477786,8,10.5,2,1.31,24.3,0.82,0.0124,14.11,0.78,22,170
363,Ruelle sans nom (segment 363),residential,42.44082797249835,8,9.375,8,1.17,20.4,0.87,0.0124,13.8,0.7,22,170
364,Ruelle sans nom (segment 364),residential,41.516749224242844,8,9.0,1,1.12,19.1,0.89,0.0124,13.72,0.68,22,170
365,Ruelle sans nom (segment 365),residential,52.73412772032259,8,12.0,0,1.5,30.0,0.76,0.0124,14.63,0.87,22,170
366,Ruelle sans nom (segment 366),residential,36.93779680796947,8,12.0,0,1.5,30.0,0.76,0.0124,14.63,0.87,22,170
367,Ruelle sans nom (segment 367),residential,25.304041953154886,8,12.0,0,1.5,30.0,0.76,0.0124,14.63,0.87,22,170
368,Ngõ 521 Đường Cổ Nhuế,residential,34.81684633717445,8,12.0,0,1.5,30.0,0.76,0.0124,14.63,0.87,22,170
369,Ngõ 521 Đường Cổ Nhuế,residential,65.15650346843994,8,10.0,3,1.25,22.5,0.84,0.0124,13.96,0.74,22,170
370,Ruelle sans nom (segment 370),residential,36.51638734882728,8,12.0,0,1.5,30.0,0.76,0.0124,14.63,0.87,22,170
371,Ruelle sans nom (segment 371),residential,73.13355175321873,8,12.0,0,1.5,30.0,0.76,0.0124,14.63,0.86,22,170
372,Ruelle sans nom (segment 372),residential,29.90514643548145,8,12.0,0,1.5,30.0,0.76,0.0124,14.63,0.87,22,170
373,Ruelle sans nom (segment 373),residential,14.13398446499892,8,12.0,0,1.5,30.0,0.76,0.0124,14.63,0.87,22,170
374,Ruelle sans nom (segment 374),residential,56.46177235467579,8,12.0,0,1.5,30.0,0.76,0.0124,14.63,0.87,22,170
375,Ngõ 521 Đường Cổ Nhuế,residential,13.684214059078124,8,12.0,0,1.5,30.0,0.76,0.0124,14.63,0.87,22,170
376,Ruelle sans nom (segment 376),residential,63.131346624061564,8,12.0,0,1.5,30.0,0.76,0.0124,14.63,0.87,22,170
377,Ngõ 521 Đường Cổ Nhuế,residential,19.8278954942048,8,12.0,0,1.5,30.0,0.76,0.0124,14.63,0.87,22,170
378,Ruelle sans nom (segment 378),residential,19.495757826407765,8,12.0,0,1.5,30.0,0.76,0.0124,14.63,0.87,22,170
379,Ruelle sans nom (segment 379),residential,37.97715071487337,8,45.0,1,5.62,298.1,0.29,0.0124,20.15,2.93,22,170
380,Ruelle sans nom (segment 380),residential,37.18418798718245,8,12.0,0,1.5,30.0,0.76,0.0124,14.63,0.87,22,170
381,Ruelle sans nom (segment 381),residential,26.34951506073747,8,12.0,0,1.5,30.0,0.76,0.0124,14.63,0.87,22,170
382,Ruelle sans nom (segment 382),residential,92.66526509780746,8,45.0,1,5.62,298.1,0.29,0.0124,20.15,2.92,22,170
383,Ruelle sans nom (segment 383),residential,50.44987188820144,8,45.0,1,5.62,298.1,0.29,0.0124,20.15,2.93,22,170
384,Ngõ 521 Đường Cổ Nhuế,residential,99.19313876575958,8,15.666666666666666,9,1.96,46.3,0.64,0.0124,16.21,1.09,22,170
385,Ngõ 521 Đường Cổ Nhuế,residential,32.82015901438875,8,9.6,5,1.2,21.1,0.86,0.0124,13.86,0.72,22,170
386,đường ăn phở,unclassified,8.470865198108449,8,10.2,5,1.27,23.2,0.84,0.0124,14.02,0.76,22,170
387,Ruelle sans nom (segment 387),residential,38.69381167088537,8,7.5,2,0.94,14.5,0.98,0.0124,15.1,0.59,22,170
388,Ruelle sans nom (segment 388),residential,73.77116010992218,8,7.5,2,0.94,14.5,0.98,0.0124,15.1,0.58,22,170
389,Ruelle sans nom (segment 389),residential,62.418100381641544,8,43.5,2,5.44,280.0,0.3,0.0124,20.72,2.83,22,170
390,Ruelle sans nom (segment 390),residential,252.92100985304143,8,44.25,8,5.53,289.0,0.29,0.0124,20.43,2.86,22,170
391,Ngõ 562 Phố Trần Cung,residential,193.66507570202717,8,12.0,0,1.5,30.0,0.76,0.0124,14.63,0.85,22,170
392,Ruelle sans nom (segment 392),residential,57.16961972878774,8,12.0,3,1.5,30.0,0.76,0.0124,14.63,0.87,22,170
393,Ruelle sans nom (segment 393),residential,53.66541822466285,8,12.0,2,1.5,30.0,0.76,0.0124,14.63,0.87,22,170
394,Ngõ 87 Đường Tân Xuân,residential,231.30333820779555,8,12.0,0,1.5,30.0,0.76,0.0124,14.63,0.84,22,170
395,Phố Văn Hội,residential,176.5743560457763,8,12.0,1,1.5,30.0,0.76,0.0124,14.63,0.85,22,170
396,Đường Phạm Văn Đồng,primary,419.2663670382057,20,12.0,0,0.6,19.2,1.19,0.10662,35.5,1.31,22,170
397,Đường Phạm Văn Đồng,primary,131.4138632896984,20,12.0,0,0.6,19.2,1.19,0.10662,35.5,1.35,22,170
398,Phố Viên,tertiary,113.21453325446674,12,12.0,2,1.0,24.0,0.95,0.0491,32.31,0.98,22,170
399,Phố Viên,tertiary,67.28605789782716,12,12.0,12,1.0,24.0,0.95,0.0491,32.31,0.98,22,170
400,đường 17,residential,35.60560022176205,8,12.0,1,1.5,30.0,0.76,0.0124,14.63,0.87,22,170
401,Ruelle sans nom (segment 401),residential,35.25742595443026,8,12.0,0,1.5,30.0,0.76,0.0124,14.63,0.87,22,170
402,Ruelle sans nom (segment 402),residential,14.645576070925964,8,12.0,0,1.5,30.0,0.76,0.0124,14.63,0.87,22,170
403,Phố Tân Phong,residential,171.40035952632095,8,12.0,0,1.5,30.0,0.76,0.0124,14.63,0.85,22,170
404,Phố Viên,tertiary,663.7066027548221,12,12.0,4,1.0,24.0,0.95,0.0491,32.31,0.9,22,170
405,Ruelle sans nom (segment 405),residential,56.82685467711838,8,12.0,0,1.5,30.0,0.76,0.0124,14.63,0.87,22,170
406,Ruelle sans nom (segment 406),residential,90.72233313569609,8,12.0,2,1.5,30.0,0.76,0.0124,14.63,0.86,22,170
407,Ruelle sans nom (segment 407),residential,33.52939020607326,8,12.0,0,1.5,30.0,0.76,0.0124,14.63,0.87,22,170
408,Ruelle sans nom (segment 408),residential,213.57962515755648,8,12.0,0,1.5,30.0,0.76,0.0124,14.63,0.85,22,170
409,Ngõ 309 Đường Phú Diễn,residential,426.09057336912474,8,12.0,0,1.5,30.0,0.76,0.0124,14.63,0.82,22,170
410,Ruelle sans nom (segment 410),residential,32.05750007239611,8,12.0,0,1.5,30.0,0.76,0.0124,14.63,0.87,22,170
411,Ruelle sans nom (segment 411),residential,17.820549710821744,8,12.0,0,1.5,30.0,0.76,0.0124,14.63,0.87,22,170
412,Ruelle sans nom (segment 412),residential,53.21328405743171,8,12.0,0,1.5,30.0,0.76,0.0124,14.63,0.87,22,170
413,Ruelle sans nom (segment 413),residential,50.03843090812512,8,12.0,0,1.5,30.0,0.76,0.0124,14.63,0.87,22,170
414,Ruelle sans nom (segment 414),residential,138.927882057751,8,12.0,0,1.5,30.0,0.76,0.0124,14.63,0.86,22,170
415,Ruelle sans nom (segment 415),residential,104.84865240224262,8,12.0,0,1.5,30.0,0.76,0.0124,14.63,0.86,22,170
416,Ruelle sans nom (segment 416),residential,41.96872379325446,8,12.0,0,1.5,30.0,0.76,0.0124,14.63,0.87,22,170
417,Ruelle sans nom (segment 417),residential,92.7582927985245,8,12.0,0,1.5,30.0,0.76,0.0124,14.63,0.86,22,170
418,Ruelle sans nom (segment 418),residential,75.41536104981681,8,12.0,0,1.5,30.0,0.76,0.0124,14.63,0.86,22,170
419,Ruelle sans nom (segment 419),unclassified,31.192133255125068,8,12.0,7,1.5,30.0,0.76,0.0124,14.63,0.87,22,170
420,Phố Viên,tertiary,107.15090956387739,12,12.0,13,1.0,24.0,0.95,0.0491,32.31,0.98,22,170
421,Ruelle sans nom (segment 421),unclassified,53.672226666163446,8,12.0,2,1.5,30.0,0.76,0.0124,14.63,0.87,22,170
422,Ruelle sans nom (segment 422),residential,15.833272105666067,8,12.0,0,1.5,30.0,0.76,0.0124,14.63,0.87,22,170
423,Ruelle sans nom (segment 423),residential,37.58483007858379,8,81.0,1,10.12,901.1,0.17,0.0124,13.47,5.18,22,170
424,Ruelle sans nom (segment 424),residential,9.866744177085783,8,12.0,0,1.5,30.0,0.76,0.0124,14.63,0.87,22,170
425,Ruelle sans nom (segment 425),residential,192.90360783431237,8,75.0,3,9.38,778.1,0.18,0.0124,14.05,4.79,22,170
426,Ruelle sans nom (segment 426),residential,33.5894697157519,8,12.0,0,1.5,30.0,0.76,0.0124,14.63,0.87,22,170
427,Phố Nguyễn Đình Tứ,tertiary,293.7767685772242,12,12.0,0,1.0,24.0,0.95,0.0491,32.31,0.95,22,170
428,Ruelle sans nom (segment 428),residential,96.08739841700861,8,12.0,0,1.5,30.0,0.76,0.0124,14.63,0.86,22,170
429,Ruelle sans nom (segment 429),residential,139.44318892366996,8,12.0,0,1.5,30.0,0.76,0.0124,14.63,0.86,22,170
430,Ruelle sans nom (segment 430),residential,72.54676973454463,8,12.0,1,1.5,30.0,0.76,0.0124,14.63,0.86,22,170
431,Đường Phạm Văn Đồng,primary,57.66834907305417,20,12.0,0,0.6,19.2,1.19,0.10662,35.5,1.36,22,170
432,Ruelle sans nom (segment 432),residential,93.4720454078194,8,12.0,0,1.5,30.0,0.76,0.0124,14.63,0.86,22,170
433,Ruelle sans nom (segment 433),residential,84.74225486349825,8,12.0,0,1.5,30.0,0.76,0.0124,14.63,0.86,22,170
434,Ruelle sans nom (segment 434),residential,53.86799916595806,8,12.0,0,1.5,30.0,0.76,0.0124,14.63,0.87,22,170
435,Ruelle sans nom (segment 435),residential,54.73687190260824,8,12.0,0,1.5,30.0,0.76,0.0124,14.63,0.87,22,170
436,Ruelle sans nom (segment 436),residential,40.567483726793945,8,12.0,0,1.5,30.0,0.76,0.0124,14.63,0.87,22,170
437,Ruelle sans nom (segment 437),residential,40.20736354599747,8,12.0,0,1.5,30.0,0.76,0.0124,14.63,0.87,22,170
438,Ruelle sans nom (segment 438),residential,162.07247327038522,8,12.0,0,1.5,30.0,0.76,0.0124,14.63,0.85,22,170
439,Ruelle sans nom (segment 439),residential,111.39108216922861,8,12.0,0,1.5,30.0,0.76,0.0124,14.63,0.86,22,170
440,Ruelle sans nom (segment 440),residential,77.30246116455736,8,12.0,0,1.5,30.0,0.76,0.0124,14.63,0.86,22,170
441,Ruelle sans nom (segment 441),residential,7.4201982258736745,8,12.0,0,1.5,30.0,0.76,0.0124,14.63,0.87,22,170
442,Ruelle sans nom (segment 442),residential,7.989627635612139,8,12.0,0,1.5,30.0,0.76,0.0124,14.63,0.87,22,170
443,Ngõ 22 Đường Đức Thắng,residential,9.229664359998761,8,12.0,0,1.5,30.0,0.76,0.0124,14.63,0.87,22,170
444,Ruelle sans nom (segment 444),residential,30.80110356296112,8,12.0,0,1.5,30.0,0.76,0.0124,14.63,0.87,22,170
445,Ngõ 309 Đường Phú Diễn,residential,50.59438329326416,8,12.0,0,1.5,30.0,0.76,0.0124,14.63,0.87,22,170
446,Ngách 309/39 Đường Phú Diễn,residential,70.20586558115964,8,12.0,0,1.5,30.0,0.76,0.0124,14.63,0.86,22,170
447,Đường Phạm Văn Đồng,primary,19.199863480954132,20,12.0,0,0.6,19.2,1.19,0.10662,35.5,1.36,22,170
448,Đường Phạm Văn Đồng,primary,135.5276618623789,20,12.0,0,0.6,19.2,1.19,0.10662,35.5,1.35,22,170
449,Ruelle sans nom (segment 449),residential,36.31398699785403,8,12.0,0,1.5,30.0,0.76,0.0124,14.63,0.87,22,170
450,Đường Sông Nhuệ,residential,118.0616870393659,8,11.4375,16,1.43,27.8,0.78,0.0124,14.43,0.82,22,170
451,Đường Phạm Văn Đồng,primary,9.065437158213497,20,12.0,0,0.6,19.2,1.19,0.10662,35.5,1.36,22,170
452,Ruelle sans nom (segment 452),residential,40.36441103156459,8,12.0,0,1.5,30.0,0.76,0.0124,14.63,0.87,22,170
453,Ruelle sans nom (segment 453),primary_link,25.80023941110768,10,12.0,0,1.2,26.4,0.86,0.00826,7.04,0.68,22,170
454,Đường Phạm Văn Đồng,primary,159.1271914547189,20,12.0,0,0.6,19.2,1.19,0.10662,35.5,1.35,22,170
455,Đường Phạm Văn Đồng,primary,271.98664825354155,20,12.0,0,0.6,19.2,1.19,0.10662,35.5,1.33,22,170
456,Ngõ 523 Đường Cổ Nhuế,residential,87.85317387544325,8,28.5,2,3.56,130.0,0.42,0.0124,23.28,1.89,22,170
457,Ruelle sans nom (segment 457),residential,18.098294430528664,8,12.0,0,1.5,30.0,0.76,0.0124,14.63,0.87,22,170
458,Đường Hoàng Tăng Bí,tertiary,17.615236729507778,12,12.0,0,1.0,24.0,0.95,0.0491,32.31,0.99,22,170
459,Ruelle sans nom (segment 459),tertiary,1285.4274823115632,12,12.0,0,1.0,24.0,0.95,0.0491,32.31,0.82,22,170
460,Phố Nguyễn Đình Tứ,tertiary,8.90269530068524,12,12.0,0,1.0,24.0,0.95,0.0491,32.31,0.99,22,170
461,Ruelle sans nom (segment 461),tertiary,1278.4831084890588,12,12.0,0,1.0,24.0,0.95,0.0491,32.31,0.82,22,170
462,Ruelle sans nom (segment 462),residential,136.93698136539658,8,12.0,0,1.5,30.0,0.76,0.0124,14.63,0.86,22,170
463,Ruelle sans nom (segment 463),residential,21.105312880496967,8,12.0,0,1.5,30.0,0.76,0.0124,14.63,0.87,22,170
464,Ruelle sans nom (segment 464),residential,204.89808142084246,8,12.0,16,1.5,30.0,0.76,0.0124,14.63,0.85,22,170
465,Tây Thăng Long,secondary,115.38938044121397,16,12.0,0,0.75,21.0,1.09,0.08045,35.82,1.16,22,170
466,Ruelle sans nom (segment 466),residential,76.99615671491831,8,12.0,0,1.5,30.0,0.76,0.0124,14.63,0.86,22,170
467,Ruelle sans nom (segment 467),residential,24.624233209901174,8,75.0,1,9.38,778.1,0.18,0.0124,14.05,4.81,22,170
468,Tây Thăng Long,secondary,510.005074536017,16,12.0,0,0.75,21.0,1.09,0.08045,35.82,1.11,22,170
469,Đường Tây Thăng Long,secondary,17.67919953449278,16,12.0,0,0.75,21.0,1.09,0.08045,35.82,1.18,22,170
470,Tây Thăng Long,secondary,150.07879850602046,16,12.0,0,0.75,21.0,1.09,0.08045,35.82,1.16,22,170
471,Đường Phạm Văn Đồng,primary,119.98396576198738,20,12.0,0,0.6,19.2,1.19,0.10662,35.5,1.35,22,170
472,Đường Phạm Văn Đồng,primary,734.2170774308352,20,12.0,0,0.6,19.2,1.19,0.10662,35.5,1.27,22,170
473,Đường Phạm Văn Đồng,primary,171.5628189734861,20,12.0,1,0.6,19.2,1.19,0.10662,35.5,1.34,22,170
474,Đường Phạm Văn Đồng,primary,124.79358656340492,20,12.0,0,0.6,19.2,1.19,0.10662,35.5,1.35,22,170
475,Tây Thăng Long,secondary,62.086171575946814,16,12.0,0,0.75,21.0,1.09,0.08045,35.82,1.17,22,170
476,Ruelle sans nom (segment 476),secondary_link,11.519790292544386,10,12.0,0,1.2,26.4,0.86,0.00826,7.04,0.68,22,170
477,Ngõ 22 Đường Đức Thắng,residential,15.759220643439887,8,12.0,9,1.5,30.0,0.76,0.0124,14.63,0.87,22,170
478,Ngõ 22 Đường Đức Thắng,residential,29.633340494916162,8,12.0,0,1.5,30.0,0.76,0.0124,14.63,0.87,22,170
479,Ruelle sans nom (segment 479),residential,4.619051981466346,8,78.0,2,9.75,838.5,0.18,0.0124,13.74,5.0,22,170
480,Tây Thăng Long,secondary,242.9551988966142,16,12.0,0,0.75,21.0,1.09,0.08045,35.82,1.15,22,170
481,Ruelle sans nom (segment 481),residential,18.029265340689214,8,12.0,1,1.5,30.0,0.76,0.0124,14.63,0.87,22,170
482,Ruelle sans nom (segment 482),residential,49.855797521552134,8,12.0,1,1.5,30.0,0.76,0.0124,14.63,0.87,22,170
483,Ruelle sans nom (segment 483),residential,312.94664766692546,8,12.0,0,1.5,30.0,0.76,0.0124,14.63,0.83,22,170
484,Đường Tây Thăng Long,secondary,695.5209182999835,16,12.0,0,0.75,21.0,1.09,0.08045,35.82,1.09,22,170
485,Ruelle sans nom (segment 485),residential,192.8458119491695,8,76.5,4,9.56,808.0,0.18,0.0124,13.89,4.88,22,170
486,Ruelle sans nom (segment 486),residential,94.35184153198131,8,12.0,0,1.5,30.0,0.76,0.0124,14.63,0.86,22,170
487,Ruelle sans nom (segment 487),residential,91.71093749633285,8,12.0,0,1.5,30.0,0.76,0.0124,14.63,0.86,22,170
488,Ruelle sans nom (segment 488),residential,135.38443577715526,8,12.0,0,1.5,30.0,0.76,0.0124,14.63,0.86,22,170
489,Ruelle sans nom (segment 489),residential,93.75992988836292,8,12.0,0,1.5,30.0,0.76,0.0124,14.63,0.86,22,170
490,Ruelle sans nom (segment 490),residential,55.46272892831694,8,12.0,0,1.5,30.0,0.76,0.0124,14.63,0.87,22,170
491,Ruelle sans nom (segment 491),residential,49.53049557763174,8,12.0,0,1.5,30.0,0.76,0.0124,14.63,0.87,22,170
492,Ruelle sans nom (segment 492),residential,53.30905458852745,8,12.0,0,1.5,30.0,0.76,0.0124,14.63,0.87,22,170
493,Ruelle sans nom (segment 493),residential,93.8049176150642,8,12.0,0,1.5,30.0,0.76,0.0124,14.63,0.86,22,170
494,Ruelle sans nom (segment 494),residential,83.98423649882511,8,12.0,0,1.5,30.0,0.76,0.0124,14.63,0.86,22,170
495,Ruelle sans nom (segment 495),residential,54.83464597813396,8,12.0,0,1.5,30.0,0.76,0.0124,14.63,0.87,22,170
496,Ruelle sans nom (segment 496),residential,47.90596351582515,8,12.0,0,1.5,30.0,0.76,0.0124,14.63,0.87,22,170
497,Ruelle sans nom (segment 497),residential,48.60352037995655,8,12.0,0,1.5,30.0,0.76,0.0124,14.63,0.87,22,170
498,Ruelle sans nom (segment 498),residential,47.63896037148999,8,12.0,0,1.5,30.0,0.76,0.0124,14.63,0.87,22,170
499,Ruelle sans nom (segment 499),unclassified,179.84695318812715,8,12.0,0,1.5,30.0,0.76,0.0124,14.63,0.85,22,170
500,Tây Thăng Long,secondary,120.67281494998724,16,12.0,0,0.75,21.0,1.09,0.08045,35.82,1.16,22,170
